x	y	PANEL	group
43446.973	4	1	-1
43446.993	4	3	-1
43446.993	7	3	-1
43447.016	7	1	-1
43447.016	3	1	-1
43447.026	3	1	-1
43447.026	1	1	-1
43447.028	1	3	-1
43447.028	8	3	-1
43447.03	8	3	-1
43447.03	7	3	-1
43447.035	7	3	-1
43447.035	6	3	-1
43447.044	6	1	-1
43447.044	2	1	-1
43447.055	2	3	-1
43447.055	4	3	-1
43447.06	4	3	-1
43447.06	5	3	-1
43447.07	5	3	-1
43447.07	6	3	-1
43447.078	6	1	-1
43447.078	4	1	-1
43447.079	4	3	-1
43447.079	5	3	-1
43447.1	5	3	-1
43447.1	4	3	-1
43447.116	4	3	-1
43447.116	3	3	-1
43447.117	3	1	-1
43447.117	3	1	-1
43447.125	3	1	-1
43447.125	4	1	-1
43447.132	4	3	-1
43447.132	4	3	-1
43447.146	4	3	-1
43447.146	5	3	-1
43447.153	5	3	-1
43447.153	4	3	-1
43447.154	4	3	-1
43447.154	5	3	-1
43447.159	5	1	-1
43447.159	5	1	-1
43447.168	5	1	-1
43447.168	6	1	-1
43447.169	6	1	-1
43447.169	5	1	-1
43447.175	5	3	-1
43447.175	4	3	-1
43447.18	4	3	-1
43447.18	5	3	-1
43447.193	5	3	-1
43447.193	4	3	-1
43447.195	4	1	-1
43447.195	4	1	-1
43447.197	4	1	-1
43447.197	6	1	-1
43447.203	6	1	-1
43447.203	4	1	-1
43447.241	4	3	-1
43447.241	5	3	-1
43447.245	5	3	-1
43447.245	6	3	-1
43447.246	6	1	-1
43447.246	5	1	-1
43447.25	5	1	-1
43447.25	4	1	-1
43447.257	4	3	-1
43447.257	5	3	-1
43447.271	5	3	-1
43447.271	3	3	-1
43447.278	3	3	-1
43447.278	2	3	-1
43447.284	2	1	-1
43447.284	3	1	-1
43447.292	3	1	-1
43447.292	2	1	-1
43447.308	2	3	-1
43447.308	3	3	-1
43447.316	3	1	-1
43447.316	3	1	-1
43447.322	3	1	-1
43447.322	2	1	-1
43447.332	2	3	-1
43447.332	4	3	-1
43447.36	4	3	-1
43447.36	5	3	-1
43447.363	5	3	-1
43447.363	4	3	-1
43447.366	4	3	-1
43447.366	3	3	-1
43447.371	3	1	-1
43447.371	1	1	-1
43447.432	1	3	-1
43447.432	2	3	-1
43447.433	2	3	-1
43447.433	4	3	-1
43447.437	4	1	-1
43447.437	0	1	-1
43447.455	0	3	-1
43447.455	3	3	-1
43447.473	3	3	-1
43447.473	1	3	-1
43447.485	1	3	-1
43447.485	0	3	-1
43447.49	0	1	-1
43447.49	1	1	-1
43447.548	1	1	-1
43447.548	2	1	-1
43447.593	2	1	-1
43447.593	3	1	-1
43447.606	3	1	-1
43447.606	4	1	-1
43447.615	4	1	-1
43447.615	3	1	-1
43447.646	3	1	-1
43447.646	4	1	-1
43447.673	4	1	-1
43447.673	3	1	-1
43447.718	3	1	-1
43447.718	2	1	-1
43447.731	2	1	-1
43447.731	1	1	-1
43447.735	1	1	-1
43447.735	2	1	-1
43447.771	2	1	-1
43447.771	1	1	-1
43447.86	1	1	-1
43447.86	0	1	-1
43448.129	0	1	-1
43448.129	1	1	-1
43448.175	1	1	-1
43448.175	2	1	-1
43448.254	2	1	-1
43448.254	1	1	-1
43448.3	1	1	-1
43448.3	0	1	-1
43448.685	0	3	-1
43448.685	2	3	-1
43448.724	2	1	-1
43448.724	2	1	-1
43448.724	2	3	-1
43448.724	3	3	-1
43448.741	3	1	-1
43448.741	3	1	-1
43448.788	3	1	-1
43448.788	4	1	-1
43448.788	4	3	-1
43448.788	4	3	-1
43448.789	4	3	-1
43448.789	3	3	-1
43448.791	3	3	-1
43448.791	2	3	-1
43448.812	2	1	-1
43448.812	5	1	-1
43448.821	5	1	-1
43448.821	6	1	-1
43448.832	6	1	-1
43448.832	7	1	-1
43448.842	7	3	-1
43448.842	1	3	-1
43448.849	1	1	-1
43448.849	5	1	-1
43448.864	5	1	-1
43448.864	4	1	-1
43448.865	4	1	-1
43448.865	5	1	-1
43448.87	5	1	-1
43448.87	6	1	-1
43448.87	6	3	-1
43448.87	2	3	-1
43448.883	2	1	-1
43448.883	7	1	-1
43448.888	7	3	-1
43448.888	3	3	-1
43448.906	3	1	-1
43448.906	8	1	-1
43448.913	8	1	-1
43448.913	7	1	-1
43448.913	7	3	-1
43448.913	2	3	-1
43448.921	2	3	-1
43448.921	3	3	-1
43448.926	3	1	-1
43448.926	9	1	-1
43448.932	9	1	-1
43448.932	11	1	-1
43448.932	11	3	-1
43448.932	4	3	-1
43448.937	4	1	-1
43448.937	10	1	-1
43448.94	10	1	-1
43448.94	11	1	-1
43448.942	11	1	-1
43448.942	13	1	-1
43448.945	13	3	-1
43448.945	5	3	-1
43448.946	5	1	-1
43448.946	12	1	-1
43448.947	12	3	-1
43448.947	6	3	-1
43448.957	6	1	-1
43448.957	11	1	-1
43448.967	11	1	-1
43448.967	9	1	-1
43448.981	9	3	-1
43448.981	7	3	-1
43448.985	7	3	-1
43448.985	8	3	-1
43448.988	8	1	-1
43448.988	8	1	-1
43448.994	8	3	-1
43448.994	7	3	-1
43448.995	7	1	-1
43448.995	7	1	-1
43449.008	7	1	-1
43449.008	6	1	-1
43449.013	6	3	-1
43449.013	6	3	-1
43449.014	6	3	-1
43449.014	5	3	-1
43449.015	5	1	-1
43449.015	7	1	-1
43449.021	7	3	-1
43449.021	6	3	-1
43449.025	6	1	-1
43449.025	8	1	-1
43449.03	8	1	-1
43449.03	10	1	-1
43449.03	10	3	-1
43449.03	7	3	-1
43449.031	7	1	-1
43449.031	9	1	-1
43449.038	9	1	-1
43449.038	10	1	-1
43449.039	10	1	-1
43449.039	8	1	-1
43449.049	8	3	-1
43449.049	6	3	-1
43449.054	6	3	-1
43449.054	7	3	-1
43449.056	7	1	-1
43449.056	10	1	-1
43449.056	10	3	-1
43449.056	8	3	-1
43449.057	8	1	-1
43449.057	8	1	-1
43449.057	8	3	-1
43449.057	9	3	-1
43449.058	9	3	-1
43449.058	10	3	-1
43449.065	10	1	-1
43449.065	7	1	-1
43449.07	7	3	-1
43449.07	9	3	-1
43449.072	9	3	-1
43449.072	8	3	-1
43449.074	8	3	-1
43449.074	9	3	-1
43449.086	9	3	-1
43449.086	10	3	-1
43449.103	10	3	-1
43449.103	11	3	-1
43449.104	11	3	-1
43449.104	13	3	-1
43449.106	13	3	-1
43449.106	12	3	-1
43449.108	12	3	-1
43449.108	11	3	-1
43449.111	11	1	-1
43449.111	9	1	-1
43449.113	9	3	-1
43449.113	13	3	-1
43449.118	13	1	-1
43449.118	7	1	-1
43449.12	7	1	-1
43449.12	5	1	-1
43449.12	5	3	-1
43449.12	14	3	-1
43449.121	14	1	-1
43449.121	7	1	-1
43449.122	7	1	-1
43449.122	5	1	-1
43449.129	5	1	-1
43449.129	7	1	-1
43449.132	7	3	-1
43449.132	13	3	-1
43449.14	13	1	-1
43449.14	6	1	-1
43449.146	6	3	-1
43449.146	12	3	-1
43449.147	12	1	-1
43449.147	5	1	-1
43449.155	5	3	-1
43449.155	11	3	-1
43449.162	11	1	-1
43449.162	7	1	-1
43449.163	7	1	-1
43449.163	6	1	-1
43449.17	6	3	-1
43449.17	12	3	-1
43449.173	12	1	-1
43449.173	7	1	-1
43449.177	7	1	-1
43449.177	10	1	-1
43449.178	10	3	-1
43449.178	10	3	-1
43449.179	10	3	-1
43449.179	9	3	-1
43449.181	9	1	-1
43449.181	12	1	-1
43449.181	12	3	-1
43449.181	10	3	-1
43449.183	10	1	-1
43449.183	13	1	-1
43449.185	13	3	-1
43449.185	11	3	-1
43449.189	11	1	-1
43449.189	14	1	-1
43449.189	14	3	-1
43449.189	13	3	-1
43449.19	13	3	-1
43449.19	12	3	-1
43449.198	12	1	-1
43449.198	12	1	-1
43449.198	12	3	-1
43449.198	11	3	-1
43449.199	11	3	-1
43449.199	12	3	-1
43449.204	12	1	-1
43449.204	14	1	-1
43449.208	14	1	-1
43449.208	18	1	-1
43449.208	18	3	-1
43449.208	11	3	-1
43449.209	11	1	-1
43449.209	19	1	-1
43449.209	19	3	-1
43449.209	12	3	-1
43449.213	12	1	-1
43449.213	18	1	-1
43449.213	18	3	-1
43449.213	13	3	-1
43449.218	13	1	-1
43449.218	19	1	-1
43449.218	19	3	-1
43449.218	12	3	-1
43449.221	12	3	-1
43449.221	13	3	-1
43449.223	13	1	-1
43449.223	20	1	-1
43449.223	20	3	-1
43449.223	15	3	-1
43449.226	15	3	-1
43449.226	16	3	-1
43449.228	16	1	-1
43449.228	21	1	-1
43449.228	21	3	-1
43449.228	15	3	-1
43449.232	15	1	-1
43449.232	19	1	-1
43449.232	19	3	-1
43449.232	16	3	-1
43449.233	16	3	-1
43449.233	18	3	-1
43449.238	18	1	-1
43449.238	20	1	-1
43449.239	20	3	-1
43449.239	19	3	-1
43449.241	19	3	-1
43449.241	18	3	-1
43449.242	18	3	-1
43449.242	20	3	-1
43449.244	20	3	-1
43449.244	21	3	-1
43449.248	21	1	-1
43449.248	18	1	-1
43449.25	18	1	-1
43449.25	16	1	-1
43449.256	16	3	-1
43449.256	20	3	-1
43449.268	20	3	-1
43449.268	21	3	-1
43449.273	21	3	-1
43449.273	22	3	-1
43449.275	22	3	-1
43449.275	20	3	-1
43449.279	20	1	-1
43449.279	15	1	-1
43449.282	15	1	-1
43449.282	13	1	-1
43449.284	13	1	-1
43449.284	12	1	-1
43449.288	12	1	-1
43449.288	10	1	-1
43449.289	10	3	-1
43449.289	21	3	-1
43449.294	21	1	-1
43449.294	11	1	-1
43449.295	11	3	-1
43449.295	20	3	-1
43449.296	20	1	-1
43449.296	12	1	-1
43449.297	12	1	-1
43449.297	11	1	-1
43449.298	11	3	-1
43449.298	21	3	-1
43449.301	21	1	-1
43449.301	10	1	-1
43449.306	10	3	-1
43449.306	20	3	-1
43449.307	20	1	-1
43449.307	9	1	-1
43449.307	9	3	-1
43449.307	19	3	-1
43449.308	19	3	-1
43449.308	20	3	-1
43449.31	20	3	-1
43449.31	19	3	-1
43449.313	19	1	-1
43449.313	8	1	-1
43449.313	8	3	-1
43449.313	18	3	-1
43449.319	18	1	-1
43449.319	9	1	-1
43449.32	9	3	-1
43449.32	19	3	-1
43449.324	19	3	-1
43449.324	18	3	-1
43449.328	18	3	-1
43449.328	17	3	-1
43449.329	17	3	-1
43449.329	16	3	-1
43449.332	16	1	-1
43449.332	8	1	-1
43449.333	8	1	-1
43449.333	9	1	-1
43449.338	9	1	-1
43449.338	8	1	-1
43449.338	8	3	-1
43449.338	15	3	-1
43449.342	15	3	-1
43449.342	14	3	-1
43449.343	14	1	-1
43449.343	7	1	-1
43449.343	7	3	-1
43449.343	13	3	-1
43449.345	13	1	-1
43449.345	8	1	-1
43449.347	8	1	-1
43449.347	7	1	-1
43449.348	7	1	-1
43449.348	8	1	-1
43449.348	8	3	-1
43449.348	14	3	-1
43449.352	14	1	-1
43449.352	7	1	-1
43449.357	7	3	-1
43449.357	13	3	-1
43449.358	13	3	-1
43449.358	11	3	-1
43449.359	11	3	-1
43449.359	13	3	-1
43449.361	13	1	-1
43449.361	6	1	-1
43449.366	6	3	-1
43449.366	12	3	-1
43449.367	12	1	-1
43449.367	7	1	-1
43449.375	7	3	-1
43449.375	13	3	-1
43449.387	13	3	-1
43449.387	14	3	-1
43449.39	14	3	-1
43449.39	16	3	-1
43449.392	16	1	-1
43449.392	8	1	-1
43449.393	8	3	-1
43449.393	15	3	-1
43449.394	15	1	-1
43449.394	9	1	-1
43449.398	9	3	-1
43449.398	14	3	-1
43449.399	14	1	-1
43449.399	10	1	-1
43449.399	10	3	-1
43449.399	15	3	-1
43449.401	15	1	-1
43449.401	11	1	-1
43449.402	11	1	-1
43449.402	12	1	-1
43449.405	12	1	-1
43449.405	13	1	-1
43449.41	13	3	-1
43449.41	17	3	-1
43449.419	17	1	-1
43449.419	12	1	-1
43449.421	12	1	-1
43449.421	11	1	-1
43449.421	11	3	-1
43449.421	16	3	-1
43449.426	16	1	-1
43449.426	12	1	-1
43449.431	12	1	-1
43449.431	14	1	-1
43449.433	14	1	-1
43449.433	13	1	-1
43449.433	13	3	-1
43449.433	15	3	-1
43449.445	15	3	-1
43449.445	14	3	-1
43449.458	14	1	-1
43449.458	12	1	-1
43449.458	12	3	-1
43449.458	15	3	-1
43449.461	15	3	-1
43449.461	17	3	-1
43449.466	17	1	-1
43449.466	13	1	-1
43449.466	13	3	-1
43449.466	18	3	-1
43449.47	18	1	-1
43449.47	11	1	-1
43449.47	11	3	-1
43449.47	16	3	-1
43449.472	16	1	-1
43449.472	10	1	-1
43449.472	10	3	-1
43449.472	19	3	-1
43449.473	19	3	-1
43449.473	20	3	-1
43449.474	20	1	-1
43449.474	11	1	-1
43449.481	11	1	-1
43449.481	13	1	-1
43449.482	13	1	-1
43449.482	11	1	-1
43449.482	11	3	-1
43449.482	22	3	-1
43449.483	22	3	-1
43449.483	20	3	-1
43449.484	20	3	-1
43449.484	22	3	-1
43449.487	22	3	-1
43449.487	23	3	-1
43449.489	23	3	-1
43449.489	24	3	-1
43449.49	24	3	-1
43449.49	22	3	-1
43449.492	22	1	-1
43449.492	10	1	-1
43449.492	10	3	-1
43449.492	23	3	-1
43449.494	23	3	-1
43449.494	24	3	-1
43449.496	24	3	-1
43449.496	25	3	-1
43449.497	25	3	-1
43449.497	27	3	-1
43449.498	27	3	-1
43449.498	28	3	-1
43449.499	28	1	-1
43449.499	11	1	-1
43449.5	11	1	-1
43449.5	12	1	-1
43449.501	12	3	-1
43449.501	29	3	-1
43449.502	29	1	-1
43449.502	13	1	-1
43449.503	13	1	-1
43449.503	14	1	-1
43449.505	14	1	-1
43449.505	17	1	-1
43449.505	17	3	-1
43449.505	30	3	-1
43449.508	30	1	-1
43449.508	18	1	-1
43449.508	18	3	-1
43449.508	29	3	-1
43449.51	29	1	-1
43449.51	21	1	-1
43449.51	21	3	-1
43449.51	33	3	-1
43449.514	33	1	-1
43449.514	22	1	-1
43449.514	22	3	-1
43449.514	30	3	-1
43449.515	30	1	-1
43449.515	24	1	-1
43449.516	24	1	-1
43449.516	26	1	-1
43449.519	26	1	-1
43449.519	24	1	-1
43449.519	24	3	-1
43449.519	28	3	-1
43449.52	28	1	-1
43449.52	25	1	-1
43449.521	25	1	-1
43449.521	26	1	-1
43449.523	26	1	-1
43449.523	25	1	-1
43449.524	25	1	-1
43449.524	24	1	-1
43449.524	24	3	-1
43449.524	27	3	-1
43449.528	27	1	-1
43449.528	23	1	-1
43449.531	23	3	-1
43449.531	31	3	-1
43449.535	31	3	-1
43449.535	29	3	-1
43449.537	29	1	-1
43449.537	24	1	-1
43449.538	24	1	-1
43449.538	25	1	-1
43449.538	25	3	-1
43449.538	31	3	-1
43449.539	31	1	-1
43449.539	24	1	-1
43449.539	24	3	-1
43449.539	30	3	-1
43449.54	30	1	-1
43449.54	23	1	-1
43449.543	23	3	-1
43449.543	31	3	-1
43449.544	31	3	-1
43449.544	32	3	-1
43449.552	32	1	-1
43449.552	24	1	-1
43449.553	24	1	-1
43449.553	25	1	-1
43449.56	25	1	-1
43449.56	26	1	-1
43449.565	26	1	-1
43449.565	27	1	-1
43449.565	27	3	-1
43449.565	31	3	-1
43449.566	31	3	-1
43449.566	32	3	-1
43449.569	32	1	-1
43449.569	28	1	-1
43449.575	28	1	-1
43449.575	27	1	-1
43449.577	27	1	-1
43449.577	26	1	-1
43449.582	26	3	-1
43449.582	31	3	-1
43449.586	31	3	-1
43449.586	30	3	-1
43449.591	30	1	-1
43449.591	21	1	-1
43449.592	21	3	-1
43449.592	29	3	-1
43449.593	29	1	-1
43449.593	22	1	-1
43449.594	22	1	-1
43449.594	23	1	-1
43449.594	23	3	-1
43449.594	28	3	-1
43449.598	28	1	-1
43449.598	24	1	-1
43449.599	24	1	-1
43449.599	23	1	-1
43449.6	23	3	-1
43449.6	30	3	-1
43449.606	30	1	-1
43449.606	25	1	-1
43449.606	25	3	-1
43449.606	31	3	-1
43449.607	31	1	-1
43449.607	23	1	-1
43449.607	23	3	-1
43449.607	28	3	-1
43449.609	28	1	-1
43449.609	21	1	-1
43449.609	21	3	-1
43449.609	25	3	-1
43449.612	25	1	-1
43449.612	19	1	-1
43449.613	19	3	-1
43449.613	24	3	-1
43449.614	24	3	-1
43449.614	23	3	-1
43449.615	23	3	-1
43449.615	20	3	-1
43449.616	20	3	-1
43449.616	19	3	-1
43449.617	19	3	-1
43449.617	18	3	-1
43449.619	18	3	-1
43449.619	17	3	-1
43449.621	17	3	-1
43449.621	16	3	-1
43449.624	16	3	-1
43449.624	15	3	-1
43449.625	15	3	-1
43449.625	14	3	-1
43449.626	14	1	-1
43449.626	20	1	-1
43449.629	20	3	-1
43449.629	13	3	-1
43449.63	13	1	-1
43449.63	19	1	-1
43449.63	19	3	-1
43449.63	11	3	-1
43449.632	11	1	-1
43449.632	18	1	-1
43449.634	18	1	-1
43449.634	16	1	-1
43449.635	16	1	-1
43449.635	15	1	-1
43449.637	15	1	-1
43449.637	17	1	-1
43449.638	17	1	-1
43449.638	16	1	-1
43449.638	16	3	-1
43449.638	10	3	-1
43449.639	10	1	-1
43449.639	15	1	-1
43449.639	15	3	-1
43449.639	8	3	-1
43449.64	8	1	-1
43449.64	16	1	-1
43449.641	16	1	-1
43449.641	15	1	-1
43449.642	15	1	-1
43449.642	16	1	-1
43449.645	16	1	-1
43449.645	14	1	-1
43449.645	14	3	-1
43449.645	9	3	-1
43449.652	9	3	-1
43449.652	11	3	-1
43449.655	11	3	-1
43449.655	10	3	-1
43449.658	10	1	-1
43449.658	16	1	-1
43449.664	16	1	-1
43449.664	14	1	-1
43449.667	14	3	-1
43449.667	9	3	-1
43449.668	9	3	-1
43449.668	8	3	-1
43449.678	8	1	-1
43449.678	12	1	-1
43449.681	12	1	-1
43449.681	13	1	-1
43449.684	13	1	-1
43449.684	12	1	-1
43449.689	12	1	-1
43449.689	11	1	-1
43449.69	11	1	-1
43449.69	9	1	-1
43449.694	9	1	-1
43449.694	8	1	-1
43449.696	8	3	-1
43449.696	7	3	-1
43449.697	7	3	-1
43449.697	6	3	-1
43449.722	6	1	-1
43449.722	9	1	-1
43449.723	9	1	-1
43449.723	8	1	-1
43449.727	8	3	-1
43449.727	4	3	-1
43449.735	4	3	-1
43449.735	5	3	-1
43449.738	5	3	-1
43449.738	6	3	-1
43449.749	6	3	-1
43449.749	7	3	-1
43449.75	7	1	-1
43449.75	7	1	-1
43449.751	7	3	-1
43449.751	6	3	-1
43449.752	6	1	-1
43449.752	8	1	-1
43449.753	8	1	-1
43449.753	6	1	-1
43449.758	6	1	-1
43449.758	4	1	-1
43449.758	4	3	-1
43449.758	5	3	-1
43449.76	5	3	-1
43449.76	4	3	-1
43449.763	4	1	-1
43449.763	3	1	-1
43449.78	3	3	-1
43449.78	3	3	-1
43449.781	3	1	-1
43449.781	5	1	-1
43449.798	5	3	-1
43449.798	5	3	-1
43449.799	5	3	-1
43449.799	6	3	-1
43449.806	6	1	-1
43449.806	4	1	-1
43449.811	4	1	-1
43449.811	5	1	-1
43449.833	5	1	-1
43449.833	4	1	-1
43449.834	4	1	-1
43449.834	5	1	-1
43449.838	5	1	-1
43449.838	3	1	-1
43449.847	3	1	-1
43449.847	2	1	-1
43449.855	2	3	-1
43449.855	7	3	-1
43449.86	7	3	-1
43449.86	6	3	-1
43449.862	6	3	-1
43449.862	5	3	-1
43449.864	5	1	-1
43449.864	3	1	-1
43449.874	3	3	-1
43449.874	4	3	-1
43449.875	4	1	-1
43449.875	4	1	-1
43449.876	4	1	-1
43449.876	3	1	-1
43449.891	3	3	-1
43449.891	5	3	-1
43449.905	5	1	-1
43449.905	5	1	-1
43449.911	5	1	-1
43449.911	6	1	-1
43449.913	6	3	-1
43449.913	6	3	-1
43449.922	6	3	-1
43449.922	5	3	-1
43449.923	5	3	-1
43449.923	3	3	-1
43449.937	3	1	-1
43449.937	5	1	-1
43449.956	5	3	-1
43449.956	4	3	-1
43449.959	4	3	-1
43449.959	5	3	-1
43449.976	5	3	-1
43449.976	4	3	-1
43449.981	4	1	-1
43449.981	4	1	-1
43449.989	4	1	-1
43449.989	3	1	-1
43449.995	3	3	-1
43449.995	5	3	-1
43450.016	5	1	-1
43450.016	1	1	-1
43450.016	1	3	-1
43450.016	4	3	-1
43450.03	4	3	-1
43450.03	5	3	-1
43450.035	5	1	-1
43450.035	0	1	-1
43450.038	0	3	-1
43450.038	4	3	-1
43450.079	4	3	-1
43450.079	3	3	-1
43450.084	3	3	-1
43450.084	2	3	-1
43450.088	2	3	-1
43450.088	3	3	-1
43450.113	3	3	-1
43450.113	2	3	-1
43450.14	2	1	-1
43450.14	1	1	-1
43450.143	1	3	-1
43450.143	3	3	-1
43450.151	3	3	-1
43450.151	5	3	-1
43450.155	5	3	-1
43450.155	4	3	-1
43450.156	4	3	-1
43450.156	6	3	-1
43450.188	6	3	-1
43450.188	8	3	-1
43450.197	8	3	-1
43450.197	6	3	-1
43450.213	6	3	-1
43450.213	5	3	-1
43450.242	5	1	-1
43450.242	2	1	-1
43450.257	2	3	-1
43450.257	3	3	-1
43450.264	3	1	-1
43450.264	1	1	-1
43450.267	1	3	-1
43450.267	2	3	-1
43450.278	2	1	-1
43450.278	2	1	-1
43450.28	2	1	-1
43450.28	3	1	-1
43450.304	3	3	-1
43450.304	1	3	-1
43450.305	1	3	-1
43450.305	0	3	-1
43450.329	0	3	-1
43450.329	1	3	-1
43450.366	1	1	-1
43450.366	2	1	-1
43450.381	2	3	-1
43450.381	2	3	-1
43450.403	2	1	-1
43450.403	1	1	-1
43450.405	1	1	-1
43450.405	0	1	-1
43450.432	0	3	-1
43450.432	4	3	-1
43450.454	4	3	-1
43450.454	3	3	-1
43450.474	3	3	-1
43450.474	1	3	-1
43450.506	1	3	-1
43450.506	0	3	-1
43450.516	0	1	-1
43450.516	2	1	-1
43450.556	2	1	-1
43450.556	0	1	-1
43450.926	0	1	-1
43450.926	1	1	-1
43450.955	1	1	-1
43450.955	2	1	-1
43450.958	2	3	-1
43450.958	1	3	-1
43450.963	1	3	-1
43450.963	2	3	-1
43451.045	2	3	-1
43451.045	3	3	-1
43451.051	3	1	-1
43451.051	1	1	-1
43451.078	1	1	-1
43451.078	0	1	-1
43451.08	0	3	-1
43451.08	2	3	-1
43451.081	2	3	-1
43451.081	1	3	-1
43451.092	1	3	-1
43451.092	2	3	-1
43451.149	2	3	-1
43451.149	3	3	-1
43451.165	3	3	-1
43451.165	2	3	-1
43451.168	2	1	-1
43451.168	2	1	-1
43451.184	2	3	-1
43451.184	3	3	-1
43451.185	3	1	-1
43451.185	3	1	-1
43451.197	3	1	-1
43451.197	4	1	-1
43451.205	4	3	-1
43451.205	4	3	-1
43451.217	4	3	-1
43451.217	3	3	-1
43451.229	3	3	-1
43451.229	4	3	-1
43451.254	4	3	-1
43451.254	6	3	-1
43451.255	6	3	-1
43451.255	7	3	-1
43451.256	7	3	-1
43451.256	8	3	-1
43451.259	8	3	-1
43451.259	9	3	-1
43451.274	9	3	-1
43451.274	8	3	-1
43451.279	8	1	-1
43451.279	2	1	-1
43451.289	2	1	-1
43451.289	4	1	-1
43451.294	4	3	-1
43451.294	6	3	-1
43451.295	6	1	-1
43451.295	5	1	-1
43451.301	5	1	-1
43451.301	6	1	-1
43451.302	6	1	-1
43451.302	7	1	-1
43451.309	7	1	-1
43451.309	6	1	-1
43451.309	6	3	-1
43451.309	5	3	-1
43451.322	5	1	-1
43451.322	5	1	-1
43451.33	5	3	-1
43451.33	4	3	-1
43451.336	4	3	-1
43451.336	5	3	-1
43451.353	5	3	-1
43451.353	6	3	-1
43451.354	6	3	-1
43451.354	5	3	-1
43451.36	5	1	-1
43451.36	3	1	-1
43451.364	3	3	-1
43451.364	3	3	-1
43451.37	3	1	-1
43451.37	1	1	-1
43451.373	1	3	-1
43451.373	2	3	-1
43451.409	2	1	-1
43451.409	0	1	-1
43451.46	0	3	-1
43451.46	1	3	-1
43451.465	1	3	-1
43451.465	0	3	-1
43451.488	0	1	-1
43451.488	2	1	-1
43451.514	2	3	-1
43451.514	2	3	-1
43451.566	2	1	-1
43451.566	0	1	-1
43451.639	0	3	-1
43451.639	0	3	-1
43451.684	0	3	-1
43451.684	1	3	-1
43451.721	1	3	-1
43451.721	2	3	-1
43451.768	2	1	-1
43451.768	2	1	-1
43451.769	2	3	-1
43451.769	3	3	-1
43451.808	3	3	-1
43451.808	2	3	-1
43451.846	2	3	-1
43451.846	1	3	-1
43451.863	1	1	-1
43451.863	0	1	-1
43451.877	0	3	-1
43451.877	2	3	-1
43451.878	2	3	-1
43451.878	3	3	-1
43451.893	3	3	-1
43451.893	2	3	-1
43451.898	2	1	-1
43451.898	1	1	-1
43451.989	1	3	-1
43451.989	3	3	-1
43452.001	3	1	-1
43452.001	2	1	-1
43452.002	2	3	-1
43452.002	1	3	-1
43452.003	1	3	-1
43452.003	4	3	-1
43452.023	4	1	-1
43452.023	1	1	-1
43452.048	1	1	-1
43452.048	3	1	-1
43452.054	3	3	-1
43452.054	5	3	-1
43452.055	5	3	-1
43452.055	6	3	-1
43452.071	6	3	-1
43452.071	7	3	-1
43452.082	7	1	-1
43452.082	4	1	-1
43452.088	4	3	-1
43452.088	8	3	-1
43452.114	8	3	-1
43452.114	7	3	-1
43452.117	7	3	-1
43452.117	8	3	-1
43452.119	8	3	-1
43452.119	6	3	-1
43452.124	6	3	-1
43452.124	5	3	-1
43452.125	5	1	-1
43452.125	3	1	-1
43452.129	3	1	-1
43452.129	1	1	-1
43452.13	1	1	-1
43452.13	2	1	-1
43452.134	2	1	-1
43452.134	3	1	-1
43452.166	3	3	-1
43452.166	6	3	-1
43452.178	6	1	-1
43452.178	4	1	-1
43452.178	4	3	-1
43452.178	5	3	-1
43452.179	5	3	-1
43452.179	4	3	-1
43452.196	4	3	-1
43452.196	3	3	-1
43452.206	3	1	-1
43452.206	3	1	-1
43452.213	3	3	-1
43452.213	2	3	-1
43452.234	2	1	-1
43452.234	4	1	-1
43452.234	4	3	-1
43452.234	3	3	-1
43452.242	3	3	-1
43452.242	2	3	-1
43452.254	2	1	-1
43452.254	3	1	-1
43452.259	3	1	-1
43452.259	2	1	-1
43452.262	2	3	-1
43452.262	3	3	-1
43452.286	3	1	-1
43452.286	3	1	-1
43452.29	3	3	-1
43452.29	2	3	-1
43452.3	2	1	-1
43452.3	2	1	-1
43452.302	2	3	-1
43452.302	3	3	-1
43452.335	3	3	-1
43452.335	4	3	-1
43452.348	4	1	-1
43452.348	3	1	-1
43452.359	3	1	-1
43452.359	2	1	-1
43452.359	2	3	-1
43452.359	3	3	-1
43452.367	3	1	-1
43452.367	3	1	-1
43452.379	3	1	-1
43452.379	4	1	-1
43452.384	4	3	-1
43452.384	4	3	-1
43452.387	4	3	-1
43452.387	3	3	-1
43452.41	3	1	-1
43452.41	3	1	-1
43452.413	3	1	-1
43452.413	5	1	-1
43452.424	5	3	-1
43452.424	2	3	-1
43452.431	2	1	-1
43452.431	6	1	-1
43452.446	6	1	-1
43452.446	7	1	-1
43452.46	7	3	-1
43452.46	1	3	-1
43452.465	1	3	-1
43452.465	2	3	-1
43452.473	2	1	-1
43452.473	6	1	-1
43452.482	6	1	-1
43452.482	7	1	-1
43452.491	7	1	-1
43452.491	6	1	-1
43452.504	6	1	-1
43452.504	5	1	-1
43452.509	5	3	-1
43452.509	1	3	-1
43452.514	1	1	-1
43452.514	6	1	-1
43452.526	6	1	-1
43452.526	4	1	-1
43452.535	4	1	-1
43452.535	5	1	-1
43452.556	5	1	-1
43452.556	4	1	-1
43452.571	4	1	-1
43452.571	3	1	-1
43452.58	3	3	-1
43452.58	2	3	-1
43452.588	2	3	-1
43452.588	1	3	-1
43452.604	1	1	-1
43452.604	4	1	-1
43452.606	4	1	-1
43452.606	3	1	-1
43452.618	3	3	-1
43452.618	3	3	-1
43452.639	3	1	-1
43452.639	2	1	-1
43452.66	2	1	-1
43452.66	1	1	-1
43452.671	1	1	-1
43452.671	2	1	-1
43452.7	2	3	-1
43452.7	2	3	-1
43452.704	2	1	-1
43452.704	3	1	-1
43452.722	3	1	-1
43452.722	2	1	-1
43452.729	2	3	-1
43452.729	0	3	-1
43452.776	0	1	-1
43452.776	3	1	-1
43452.795	3	1	-1
43452.795	2	1	-1
43452.829	2	1	-1
43452.829	1	1	-1
43452.901	1	1	-1
43452.901	0	1	-1
43452.965	0	3	-1
43452.965	1	3	-1
43452.967	1	3	-1
43452.967	2	3	-1
43452.993	2	1	-1
43452.993	1	1	-1
43452.998	1	3	-1
43452.998	4	3	-1
43453.023	4	1	-1
43453.023	2	1	-1
43453.025	2	3	-1
43453.025	5	3	-1
43453.081	5	1	-1
43453.081	3	1	-1
43453.084	3	1	-1
43453.084	4	1	-1
43453.087	4	1	-1
43453.087	5	1	-1
43453.088	5	3	-1
43453.088	6	3	-1
43453.09	6	3	-1
43453.09	5	3	-1
43453.117	5	1	-1
43453.117	4	1	-1
43453.117	4	3	-1
43453.117	3	3	-1
43453.147	3	1	-1
43453.147	3	1	-1
43453.149	3	1	-1
43453.149	4	1	-1
43453.15	4	3	-1
43453.15	2	3	-1
43453.154	2	1	-1
43453.154	6	1	-1
43453.194	6	1	-1
43453.194	4	1	-1
43453.197	4	1	-1
43453.197	5	1	-1
43453.204	5	3	-1
43453.204	3	3	-1
43453.205	3	1	-1
43453.205	4	1	-1
43453.209	4	1	-1
43453.209	3	1	-1
43453.212	3	1	-1
43453.212	2	1	-1
43453.213	2	3	-1
43453.213	2	3	-1
43453.227	2	1	-1
43453.227	3	1	-1
43453.236	3	1	-1
43453.236	4	1	-1
43453.239	4	1	-1
43453.239	5	1	-1
43453.273	5	1	-1
43453.273	4	1	-1
43453.322	4	1	-1
43453.322	3	1	-1
43453.329	3	3	-1
43453.329	1	3	-1
43453.331	1	3	-1
43453.331	2	3	-1
43453.337	2	3	-1
43453.337	1	3	-1
43453.346	1	3	-1
43453.346	2	3	-1
43453.351	2	1	-1
43453.351	2	1	-1
43453.361	2	1	-1
43453.361	1	1	-1
43453.364	1	1	-1
43453.364	0	1	-1
43453.372	0	1	-1
43453.372	1	1	-1
43453.41	1	1	-1
43453.41	2	1	-1
43453.415	2	1	-1
43453.415	4	1	-1
43453.423	4	3	-1
43453.423	3	3	-1
43453.439	3	1	-1
43453.439	5	1	-1
43453.449	5	3	-1
43453.449	4	3	-1
43453.456	4	3	-1
43453.456	3	3	-1
43453.466	3	3	-1
43453.466	4	3	-1
43453.486	4	1	-1
43453.486	6	1	-1
43453.496	6	1	-1
43453.496	5	1	-1
43453.509	5	1	-1
43453.509	7	1	-1
43453.524	7	1	-1
43453.524	8	1	-1
43453.525	8	1	-1
43453.525	6	1	-1
43453.535	6	1	-1
43453.535	5	1	-1
43453.547	5	3	-1
43453.547	3	3	-1
43453.563	3	1	-1
43453.563	4	1	-1
43453.572	4	3	-1
43453.572	2	3	-1
43453.582	2	1	-1
43453.582	5	1	-1
43453.591	5	1	-1
43453.591	3	1	-1
43453.591	3	3	-1
43453.591	0	3	-1
43453.61	0	1	-1
43453.61	2	1	-1
43453.612	2	3	-1
43453.612	1	3	-1
43453.64	1	3	-1
43453.64	2	3	-1
43453.649	2	1	-1
43453.649	1	1	-1
43453.663	1	3	-1
43453.663	3	3	-1
43453.707	3	1	-1
43453.707	0	1	-1
43453.735	0	3	-1
43453.735	2	3	-1
43453.754	2	1	-1
43453.754	1	1	-1
43453.765	1	3	-1
43453.765	1	3	-1
43453.788	1	3	-1
43453.788	0	3	-1
43453.8	0	3	-1
43453.8	1	3	-1
43453.805	1	3	-1
43453.805	2	3	-1
43453.821	2	3	-1
43453.821	3	3	-1
43453.822	3	1	-1
43453.822	2	1	-1
43453.841	2	3	-1
43453.841	4	3	-1
43453.879	4	1	-1
43453.879	1	1	-1
43453.923	1	3	-1
43453.923	3	3	-1
43453.946	3	3	-1
43453.946	2	3	-1
43453.947	2	1	-1
43453.947	0	1	-1
43453.966	0	3	-1
43453.966	1	3	-1
43453.972	1	3	-1
43453.972	2	3	-1
43453.979	2	1	-1
43453.979	3	1	-1
43453.99	3	1	-1
43453.99	5	1	-1
43454.023	5	1	-1
43454.023	3	1	-1
43454.054	3	3	-1
43454.054	1	3	-1
43454.067	1	3	-1
43454.067	2	3	-1
43454.075	2	1	-1
43454.075	2	1	-1
43454.076	2	1	-1
43454.076	1	1	-1
43454.097	1	3	-1
43454.097	1	3	-1
43454.102	1	3	-1
43454.102	2	3	-1
43454.142	2	1	-1
43454.142	0	1	-1
43454.156	0	3	-1
43454.156	3	3	-1
43454.164	3	3	-1
43454.164	4	3	-1
43454.171	4	1	-1
43454.171	2	1	-1
43454.172	2	3	-1
43454.172	5	3	-1
43454.183	5	3	-1
43454.183	6	3	-1
43454.185	6	3	-1
43454.185	7	3	-1
43454.192	7	3	-1
43454.192	6	3	-1
43454.223	6	1	-1
43454.223	3	1	-1
43454.227	3	3	-1
43454.227	5	3	-1
43454.245	5	1	-1
43454.245	4	1	-1
43454.277	4	3	-1
43454.277	4	3	-1
43454.281	4	1	-1
43454.281	5	1	-1
43454.288	5	1	-1
43454.288	6	1	-1
43454.288	6	3	-1
43454.288	3	3	-1
43454.295	3	1	-1
43454.295	5	1	-1
43454.296	5	1	-1
43454.296	4	1	-1
43454.297	4	3	-1
43454.297	2	3	-1
43454.302	2	3	-1
43454.302	0	3	-1
43454.348	0	1	-1
43454.348	3	1	-1
43454.36	3	1	-1
43454.36	2	1	-1
43454.392	2	3	-1
43454.392	1	3	-1
43454.405	1	1	-1
43454.405	1	1	-1
43454.413	1	1	-1
43454.413	0	1	-1
43454.417	0	3	-1
43454.417	2	3	-1
43454.504	2	3	-1
43454.504	1	3	-1
43454.571	1	1	-1
43454.571	1	1	-1
43454.598	1	3	-1
43454.598	0	3	-1
43454.648	0	1	-1
43454.648	2	1	-1
43454.684	2	1	-1
43454.684	3	1	-1
43454.684	3	3	-1
43454.684	1	3	-1
43454.69	1	1	-1
43454.69	5	1	-1
43454.696	5	1	-1
43454.696	4	1	-1
43454.706	4	1	-1
43454.706	5	1	-1
43454.712	5	3	-1
43454.712	2	3	-1
43454.727	2	1	-1
43454.727	6	1	-1
43454.731	6	1	-1
43454.731	4	1	-1
43454.753	4	3	-1
43454.753	3	3	-1
43454.77	3	1	-1
43454.77	3	1	-1
43454.776	3	1	-1
43454.776	4	1	-1
43454.809	4	1	-1
43454.809	3	1	-1
43454.831	3	1	-1
43454.831	2	1	-1
43454.831	2	3	-1
43454.831	2	3	-1
43454.832	2	1	-1
43454.832	4	1	-1
43454.834	4	1	-1
43454.834	5	1	-1
43454.837	5	3	-1
43454.837	1	3	-1
43454.846	1	3	-1
43454.846	2	3	-1
43454.852	2	1	-1
43454.852	4	1	-1
43454.853	4	3	-1
43454.853	4	3	-1
43454.863	4	3	-1
43454.863	6	3	-1
43454.865	6	3	-1
43454.865	8	3	-1
43454.878	8	3	-1
43454.878	7	3	-1
43454.891	7	3	-1
43454.891	8	3	-1
43454.893	8	1	-1
43454.893	2	1	-1
43454.9	2	1	-1
43454.9	1	1	-1
43454.903	1	3	-1
43454.903	6	3	-1
43454.927	6	1	-1
43454.927	2	1	-1
43454.936	2	3	-1
43454.936	7	3	-1
43454.945	7	3	-1
43454.945	5	3	-1
43454.958	5	1	-1
43454.958	1	1	-1
43454.97	1	3	-1
43454.97	4	3	-1
43454.983	4	3	-1
43454.983	2	3	-1
43454.984	2	3	-1
43454.984	3	3	-1
43454.985	3	1	-1
43454.985	3	1	-1
43454.987	3	1	-1
43454.987	4	1	-1
43454.997	4	3	-1
43454.997	5	3	-1
43455.006	5	3	-1
43455.006	6	3	-1
43455.016	6	3	-1
43455.016	5	3	-1
43455.042	5	1	-1
43455.042	5	1	-1
43455.049	5	1	-1
43455.049	4	1	-1
43455.061	4	1	-1
43455.061	2	1	-1
43455.061	2	3	-1
43455.061	4	3	-1
43455.063	4	1	-1
43455.063	3	1	-1
43455.08	3	1	-1
43455.08	4	1	-1
43455.085	4	3	-1
43455.085	2	3	-1
43455.098	2	1	-1
43455.098	5	1	-1
43455.098	5	3	-1
43455.098	3	3	-1
43455.103	3	3	-1
43455.103	4	3	-1
43455.109	4	3	-1
43455.109	3	3	-1
43455.11	3	1	-1
43455.11	4	1	-1
43455.111	4	1	-1
43455.111	5	1	-1
43455.111	5	3	-1
43455.111	6	3	-1
43455.124	6	1	-1
43455.124	6	1	-1
43455.131	6	3	-1
43455.131	5	3	-1
43455.138	5	1	-1
43455.138	8	1	-1
43455.14	8	3	-1
43455.14	7	3	-1
43455.141	7	3	-1
43455.141	8	3	-1
43455.143	8	3	-1
43455.143	9	3	-1
43455.144	9	1	-1
43455.144	9	1	-1
43455.149	9	3	-1
43455.149	10	3	-1
43455.153	10	3	-1
43455.153	11	3	-1
43455.154	11	1	-1
43455.154	10	1	-1
43455.162	10	3	-1
43455.162	12	3	-1
43455.165	12	3	-1
43455.165	15	3	-1
43455.167	15	1	-1
43455.167	9	1	-1
43455.17	9	3	-1
43455.17	14	3	-1
43455.171	14	3	-1
43455.171	13	3	-1
43455.188	13	1	-1
43455.188	8	1	-1
43455.192	8	3	-1
43455.192	14	3	-1
43455.211	14	3	-1
43455.211	15	3	-1
43455.215	15	3	-1
43455.215	13	3	-1
43455.222	13	3	-1
43455.222	11	3	-1
43455.223	11	1	-1
43455.223	7	1	-1
43455.227	7	1	-1
43455.227	8	1	-1
43455.233	8	3	-1
43455.233	12	3	-1
43455.235	12	1	-1
43455.235	7	1	-1
43455.236	7	3	-1
43455.236	11	3	-1
43455.249	11	1	-1
43455.249	8	1	-1
43455.257	8	1	-1
43455.257	9	1	-1
43455.262	9	1	-1
43455.262	7	1	-1
43455.264	7	3	-1
43455.264	8	3	-1
43455.265	8	1	-1
43455.265	8	1	-1
43455.265	8	3	-1
43455.265	9	3	-1
43455.267	9	3	-1
43455.267	10	3	-1
43455.268	10	1	-1
43455.268	9	1	-1
43455.269	9	1	-1
43455.269	8	1	-1
43455.278	8	3	-1
43455.278	9	3	-1
43455.279	9	1	-1
43455.279	7	1	-1
43455.286	7	1	-1
43455.286	8	1	-1
43455.287	8	3	-1
43455.287	8	3	-1
43455.289	8	3	-1
43455.289	7	3	-1
43455.291	7	1	-1
43455.291	9	1	-1
43455.292	9	1	-1
43455.292	10	1	-1
43455.297	10	1	-1
43455.297	12	1	-1
43455.297	12	3	-1
43455.297	8	3	-1
43455.307	8	3	-1
43455.307	10	3	-1
43455.309	10	1	-1
43455.309	14	1	-1
43455.309	14	3	-1
43455.309	11	3	-1
43455.314	11	1	-1
43455.314	18	1	-1
43455.316	18	3	-1
43455.316	10	3	-1
43455.32	10	3	-1
43455.32	12	3	-1
43455.323	12	1	-1
43455.323	16	1	-1
43455.326	16	3	-1
43455.326	13	3	-1
43455.327	13	1	-1
43455.327	17	1	-1
43455.328	17	1	-1
43455.328	18	1	-1
43455.336	18	3	-1
43455.336	12	3	-1
43455.344	12	1	-1
43455.344	20	1	-1
43455.349	20	1	-1
43455.349	19	1	-1
43455.35	19	1	-1
43455.35	17	1	-1
43455.351	17	1	-1
43455.351	15	1	-1
43455.352	15	3	-1
43455.352	14	3	-1
43455.354	14	3	-1
43455.354	18	3	-1
43455.358	18	3	-1
43455.358	17	3	-1
43455.359	17	1	-1
43455.359	17	1	-1
43455.37	17	3	-1
43455.37	18	3	-1
43455.377	18	1	-1
43455.377	16	1	-1
43455.379	16	3	-1
43455.379	16	3	-1
43455.389	16	3	-1
43455.389	15	3	-1
43455.39	15	1	-1
43455.39	15	1	-1
43455.391	15	1	-1
43455.391	14	1	-1
43455.395	14	3	-1
43455.395	14	3	-1
43455.405	14	1	-1
43455.405	15	1	-1
43455.407	15	1	-1
43455.407	11	1	-1
43455.409	11	1	-1
43455.409	10	1	-1
43455.41	10	1	-1
43455.41	9	1	-1
43455.41	9	3	-1
43455.41	15	3	-1
43455.413	15	3	-1
43455.413	16	3	-1
43455.415	16	1	-1
43455.415	7	1	-1
43455.419	7	3	-1
43455.419	14	3	-1
43455.422	14	3	-1
43455.422	13	3	-1
43455.427	13	3	-1
43455.427	11	3	-1
43455.432	11	3	-1
43455.432	9	3	-1
43455.434	9	3	-1
43455.434	8	3	-1
43455.439	8	1	-1
43455.439	5	1	-1
43455.444	5	3	-1
43455.444	7	3	-1
43455.445	7	3	-1
43455.445	4	3	-1
43455.45	4	1	-1
43455.45	2	1	-1
43455.451	2	1	-1
43455.451	0	1	-1
43455.451	0	3	-1
43455.451	3	3	-1
43455.478	3	3	-1
43455.478	4	3	-1
43455.48	4	3	-1
43455.48	5	3	-1
43455.49	5	3	-1
43455.49	6	3	-1
43455.495	6	3	-1
43455.495	5	3	-1
43455.531	5	3	-1
43455.531	4	3	-1
43455.536	4	3	-1
43455.536	3	3	-1
43455.55	3	3	-1
43455.55	4	3	-1
43455.56	4	1	-1
43455.56	1	1	-1
43455.561	1	3	-1
43455.561	6	3	-1
43455.603	6	3	-1
43455.603	5	3	-1
43455.605	5	3	-1
43455.605	4	3	-1
43455.615	4	3	-1
43455.615	3	3	-1
43455.624	3	3	-1
43455.624	4	3	-1
43455.649	4	1	-1
43455.649	2	1	-1
43455.664	2	3	-1
43455.664	2	3	-1
43455.675	2	3	-1
43455.675	1	3	-1
43455.685	1	1	-1
43455.685	1	1	-1
43455.728	1	1	-1
43455.728	2	1	-1
43455.732	2	1	-1
43455.732	3	1	-1
43455.749	3	3	-1
43455.749	0	3	-1
43455.753	0	1	-1
43455.753	4	1	-1
43455.773	4	1	-1
43455.773	3	1	-1
43455.774	3	3	-1
43455.774	1	3	-1
43455.816	1	1	-1
43455.816	4	1	-1
43455.819	4	3	-1
43455.819	2	3	-1
43455.821	2	1	-1
43455.821	6	1	-1
43455.83	6	3	-1
43455.83	3	3	-1
43455.845	3	1	-1
43455.845	5	1	-1
43455.855	5	1	-1
43455.855	4	1	-1
43455.871	4	1	-1
43455.871	2	1	-1
43455.877	2	1	-1
43455.877	1	1	-1
43455.893	1	3	-1
43455.893	2	3	-1
43455.908	2	3	-1
43455.908	3	3	-1
43455.917	3	1	-1
43455.917	2	1	-1
43455.941	2	1	-1
43455.941	1	1	-1
43455.944	1	3	-1
43455.944	2	3	-1
43455.955	2	3	-1
43455.955	1	3	-1
43455.995	1	1	-1
43455.995	2	1	-1
43456.001	2	3	-1
43456.001	2	3	-1
43456.025	2	3	-1
43456.025	1	3	-1
43456.042	1	1	-1
43456.042	1	1	-1
43456.058	1	1	-1
43456.058	2	1	-1
43456.059	2	1	-1
43456.059	3	1	-1
43456.073	3	3	-1
43456.073	2	3	-1
43456.097	2	3	-1
43456.097	3	3	-1
43456.1	3	3	-1
43456.1	4	3	-1
43456.11	4	1	-1
43456.11	1	1	-1
43456.119	1	1	-1
43456.119	0	1	-1
43456.126	0	3	-1
43456.126	3	3	-1
43456.186	3	3	-1
43456.186	1	3	-1
43456.197	1	3	-1
43456.197	0	3	-1
43456.238	0	3	-1
43456.238	1	3	-1
43456.245	1	3	-1
43456.245	2	3	-1
43456.311	2	3	-1
43456.311	3	3	-1
43456.354	3	3	-1
43456.354	1	3	-1
43456.355	1	3	-1
43456.355	3	3	-1
43456.364	3	3	-1
43456.364	2	3	-1
43456.371	2	3	-1
43456.371	1	3	-1
43456.373	1	3	-1
43456.373	2	3	-1
43456.381	2	1	-1
43456.381	2	1	-1
43456.383	2	1	-1
43456.383	3	1	-1
43456.384	3	1	-1
43456.384	5	1	-1
43456.399	5	1	-1
43456.399	6	1	-1
43456.404	6	3	-1
43456.404	3	3	-1
43456.419	3	3	-1
43456.419	4	3	-1
43456.434	4	3	-1
43456.434	3	3	-1
43456.442	3	1	-1
43456.442	7	1	-1
43456.457	7	1	-1
43456.457	8	1	-1
43456.464	8	3	-1
43456.464	4	3	-1
43456.465	4	3	-1
43456.465	5	3	-1
43456.486	5	1	-1
43456.486	7	1	-1
43456.488	7	1	-1
43456.488	4	1	-1
43456.489	4	3	-1
43456.489	6	3	-1
43456.497	6	3	-1
43456.497	5	3	-1
43456.507	5	1	-1
43456.507	3	1	-1
43456.521	3	3	-1
43456.521	6	3	-1
43456.524	6	1	-1
43456.524	2	1	-1
43456.526	2	1	-1
43456.526	1	1	-1
43456.528	1	1	-1
43456.528	2	1	-1
43456.529	2	3	-1
43456.529	5	3	-1
43456.532	5	3	-1
43456.532	4	3	-1
43456.533	4	3	-1
43456.533	5	3	-1
43456.541	5	3	-1
43456.541	4	3	-1
43456.567	4	1	-1
43456.567	1	1	-1
43456.567	1	3	-1
43456.567	5	3	-1
43456.583	5	1	-1
43456.583	0	1	-1
43456.59	0	3	-1
43456.59	3	3	-1
43456.601	3	3	-1
43456.601	4	3	-1
43456.603	4	3	-1
43456.603	5	3	-1
43456.611	5	3	-1
43456.611	4	3	-1
43456.616	4	3	-1
43456.616	5	3	-1
43456.646	5	3	-1
43456.646	4	3	-1
43456.651	4	3	-1
43456.651	5	3	-1
43456.691	5	3	-1
43456.691	4	3	-1
43456.706	4	3	-1
43456.706	3	3	-1
43456.727	3	3	-1
43456.727	2	3	-1
43456.806	2	3	-1
43456.806	1	3	-1
43456.817	1	3	-1
43456.817	0	3	-1
43456.828	0	3	-1
43456.828	1	3	-1
43456.868	1	3	-1
43456.868	2	3	-1
43456.874	2	3	-1
43456.874	3	3	-1
43456.907	3	1	-1
43456.907	1	1	-1
43456.922	1	1	-1
43456.922	2	1	-1
43456.93	2	3	-1
43456.93	5	3	-1
43456.934	5	1	-1
43456.934	3	1	-1
43456.948	3	3	-1
43456.948	6	3	-1
43456.952	6	3	-1
43456.952	5	3	-1
43456.966	5	3	-1
43456.966	6	3	-1
43456.97	6	3	-1
43456.97	7	3	-1
43456.999	7	3	-1
43456.999	6	3	-1
43501.991	6	4	-1
43501.991	2	4	-1
43501.993	2	2	-1
43501.993	4	2	-1
43502.005	4	4	-1
43502.005	3	4	-1
43502.01	3	4	-1
43502.01	4	4	-1
43502.014	4	2	-1
43502.014	3	2	-1
43502.024	3	2	-1
43502.024	1	2	-1
43502.028	1	2	-1
43502.028	2	2	-1
43502.031	2	4	-1
43502.031	3	4	-1
43502.073	3	2	-1
43502.073	0	2	-1
43502.075	0	2	-1
43502.075	2	2	-1
43502.085	2	4	-1
43502.085	4	4	-1
43502.086	4	4	-1
43502.086	5	4	-1
43502.111	5	4	-1
43502.111	4	4	-1
43502.12	4	2	-1
43502.12	1	2	-1
43502.129	1	4	-1
43502.129	3	4	-1
43502.135	3	4	-1
43502.135	2	4	-1
43502.155	2	2	-1
43502.155	0	2	-1
43502.201	0	4	-1
43502.201	4	4	-1
43502.21	4	4	-1
43502.21	2	4	-1
43502.238	2	4	-1
43502.238	3	4	-1
43502.252	3	4	-1
43502.252	4	4	-1
43502.289	4	2	-1
43502.289	2	2	-1
43502.303	2	2	-1
43502.303	3	2	-1
43502.309	3	2	-1
43502.309	4	2	-1
43502.312	4	4	-1
43502.312	3	4	-1
43502.324	3	2	-1
43502.324	6	2	-1
43502.34	6	2	-1
43502.34	7	2	-1
43502.353	7	4	-1
43502.353	4	4	-1
43502.36	4	4	-1
43502.36	3	4	-1
43502.368	3	2	-1
43502.368	8	2	-1
43502.368	8	4	-1
43502.368	4	4	-1
43502.374	4	2	-1
43502.374	6	2	-1
43502.376	6	4	-1
43502.376	3	4	-1
43502.38	3	4	-1
43502.38	4	4	-1
43502.397	4	4	-1
43502.397	5	4	-1
43502.399	5	2	-1
43502.399	4	2	-1
43502.399	4	4	-1
43502.399	6	4	-1
43502.41	6	2	-1
43502.41	5	2	-1
43502.411	5	2	-1
43502.411	7	2	-1
43502.412	7	4	-1
43502.412	7	4	-1
43502.422	7	4	-1
43502.422	8	4	-1
43502.428	8	2	-1
43502.428	6	2	-1
43502.435	6	4	-1
43502.435	7	4	-1
43502.462	7	2	-1
43502.462	7	2	-1
43502.464	7	2	-1
43502.464	6	2	-1
43502.47	6	4	-1
43502.47	8	4	-1
43502.471	8	2	-1
43502.471	7	2	-1
43502.475	7	4	-1
43502.475	9	4	-1
43502.478	9	4	-1
43502.478	8	4	-1
43502.488	8	2	-1
43502.488	8	2	-1
43502.493	8	2	-1
43502.493	7	2	-1
43502.493	7	4	-1
43502.493	7	4	-1
43502.503	7	4	-1
43502.503	6	4	-1
43502.519	6	4	-1
43502.519	5	4	-1
43502.521	5	4	-1
43502.521	4	4	-1
43502.535	4	2	-1
43502.535	6	2	-1
43502.535	6	4	-1
43502.535	3	4	-1
43502.536	3	2	-1
43502.536	4	2	-1
43502.54	4	4	-1
43502.54	2	4	-1
43502.542	2	2	-1
43502.542	5	2	-1
43502.545	5	4	-1
43502.545	3	4	-1
43502.55	3	2	-1
43502.55	7	2	-1
43502.553	7	4	-1
43502.553	4	4	-1
43502.558	4	2	-1
43502.558	9	2	-1
43502.559	9	2	-1
43502.559	8	2	-1
43502.566	8	2	-1
43502.566	9	2	-1
43502.578	9	4	-1
43502.578	6	4	-1
43502.582	6	4	-1
43502.582	8	4	-1
43502.586	8	4	-1
43502.586	10	4	-1
43502.587	10	2	-1
43502.587	8	2	-1
43502.588	8	4	-1
43502.588	11	4	-1
43502.595	11	2	-1
43502.595	7	2	-1
43502.595	7	4	-1
43502.595	10	4	-1
43502.6	10	4	-1
43502.6	9	4	-1
43502.612	9	2	-1
43502.612	8	2	-1
43502.619	8	4	-1
43502.619	10	4	-1
43502.627	10	4	-1
43502.627	11	4	-1
43502.638	11	4	-1
43502.638	13	4	-1
43502.647	13	2	-1
43502.647	10	2	-1
43502.649	10	4	-1
43502.649	12	4	-1
43502.658	12	4	-1
43502.658	13	4	-1
43502.661	13	2	-1
43502.661	12	2	-1
43502.664	12	2	-1
43502.664	11	2	-1
43502.665	11	2	-1
43502.665	10	2	-1
43502.667	10	2	-1
43502.667	9	2	-1
43502.67	9	2	-1
43502.67	7	2	-1
43502.67	7	4	-1
43502.67	12	4	-1
43502.676	12	4	-1
43502.676	13	4	-1
43502.677	13	2	-1
43502.677	5	2	-1
43502.677	5	4	-1
43502.677	12	4	-1
43502.678	12	4	-1
43502.678	10	4	-1
43502.679	10	4	-1
43502.679	11	4	-1
43502.68	11	4	-1
43502.68	10	4	-1
43502.682	10	4	-1
43502.682	11	4	-1
43502.684	11	4	-1
43502.684	12	4	-1
43502.686	12	4	-1
43502.686	13	4	-1
43502.688	13	2	-1
43502.688	4	2	-1
43502.69	4	4	-1
43502.69	11	4	-1
43502.691	11	2	-1
43502.691	3	2	-1
43502.691	3	4	-1
43502.691	9	4	-1
43502.693	9	2	-1
43502.693	2	2	-1
43502.696	2	4	-1
43502.696	10	4	-1
43502.699	10	2	-1
43502.699	4	2	-1
43502.713	4	4	-1
43502.713	9	4	-1
43502.719	9	4	-1
43502.719	7	4	-1
43502.723	7	2	-1
43502.723	6	2	-1
43502.725	6	4	-1
43502.725	8	4	-1
43502.732	8	4	-1
43502.732	7	4	-1
43502.74	7	2	-1
43502.74	4	2	-1
43502.745	4	2	-1
43502.745	2	2	-1
43502.752	2	4	-1
43502.752	6	4	-1
43502.761	6	4	-1
43502.761	7	4	-1
43502.771	7	2	-1
43502.771	0	2	-1
43502.774	0	4	-1
43502.774	6	4	-1
43502.776	6	4	-1
43502.776	5	4	-1
43502.78	5	4	-1
43502.78	6	4	-1
43502.782	6	4	-1
43502.782	5	4	-1
43502.783	5	4	-1
43502.783	6	4	-1
43502.793	6	4	-1
43502.793	7	4	-1
43502.808	7	4	-1
43502.808	6	4	-1
43502.815	6	4	-1
43502.815	7	4	-1
43502.821	7	4	-1
43502.821	6	4	-1
43502.85	6	4	-1
43502.85	5	4	-1
43502.862	5	4	-1
43502.862	6	4	-1
43502.882	6	2	-1
43502.882	1	2	-1
43502.886	1	4	-1
43502.886	5	4	-1
43502.894	5	2	-1
43502.894	3	2	-1
43502.896	3	2	-1
43502.896	4	2	-1
43502.899	4	4	-1
43502.899	6	4	-1
43502.904	6	2	-1
43502.904	5	2	-1
43502.905	5	4	-1
43502.905	4	4	-1
43502.907	4	4	-1
43502.907	3	4	-1
43502.918	3	2	-1
43502.918	6	2	-1
43502.94	6	4	-1
43502.94	2	4	-1
43502.953	2	2	-1
43502.953	7	2	-1
43502.953	7	4	-1
43502.953	3	4	-1
43502.961	3	4	-1
43502.961	4	4	-1
43502.974	4	4	-1
43502.974	5	4	-1
43502.981	5	2	-1
43502.981	9	2	-1
43502.986	9	4	-1
43502.986	4	4	-1
43502.998	4	2	-1
43502.998	7	2	-1
43503.007	7	2	-1
43503.007	6	2	-1
43503.01	6	2	-1
43503.01	9	2	-1
43503.015	9	2	-1
43503.015	12	2	-1
43503.016	12	4	-1
43503.016	5	4	-1
43503.019	5	2	-1
43503.019	11	2	-1
43503.024	11	4	-1
43503.024	4	4	-1
43503.029	4	2	-1
43503.029	10	2	-1
43503.036	10	4	-1
43503.036	5	4	-1
43503.04	5	2	-1
43503.04	11	2	-1
43503.042	11	2	-1
43503.042	10	2	-1
43503.045	10	4	-1
43503.045	6	4	-1
43503.056	6	2	-1
43503.056	9	2	-1
43503.066	9	2	-1
43503.066	10	2	-1
43503.068	10	2	-1
43503.068	8	2	-1
43503.069	8	4	-1
43503.069	7	4	-1
43503.078	7	2	-1
43503.078	7	2	-1
43503.078	7	4	-1
43503.078	6	4	-1
43503.08	6	2	-1
43503.08	8	2	-1
43503.081	8	2	-1
43503.081	6	2	-1
43503.086	6	4	-1
43503.086	5	4	-1
43503.087	5	2	-1
43503.087	7	2	-1
43503.091	7	2	-1
43503.091	9	2	-1
43503.101	9	2	-1
43503.101	12	2	-1
43503.101	12	4	-1
43503.101	6	4	-1
43503.116	6	4	-1
43503.116	7	4	-1
43503.131	7	2	-1
43503.131	11	2	-1
43503.132	11	2	-1
43503.132	10	2	-1
43503.135	10	2	-1
43503.135	9	2	-1
43503.139	9	2	-1
43503.139	8	2	-1
43503.14	8	4	-1
43503.14	6	4	-1
43503.147	6	2	-1
43503.147	9	2	-1
43503.155	9	4	-1
43503.155	7	4	-1
43503.16	7	4	-1
43503.16	6	4	-1
43503.164	6	2	-1
43503.164	8	2	-1
43503.168	8	2	-1
43503.168	10	2	-1
43503.169	10	4	-1
43503.169	5	4	-1
43503.177	5	2	-1
43503.177	9	2	-1
43503.183	9	4	-1
43503.183	6	4	-1
43503.186	6	2	-1
43503.186	10	2	-1
43503.19	10	2	-1
43503.19	9	2	-1
43503.192	9	4	-1
43503.192	5	4	-1
43503.195	5	2	-1
43503.195	10	2	-1
43503.202	10	2	-1
43503.202	12	2	-1
43503.204	12	2	-1
43503.204	11	2	-1
43503.208	11	4	-1
43503.208	6	4	-1
43503.212	6	2	-1
43503.212	10	2	-1
43503.217	10	2	-1
43503.217	8	2	-1
43503.221	8	4	-1
43503.221	5	4	-1
43503.223	5	4	-1
43503.223	4	4	-1
43503.226	4	2	-1
43503.226	7	2	-1
43503.236	7	2	-1
43503.236	9	2	-1
43503.25	9	4	-1
43503.25	5	4	-1
43503.251	5	2	-1
43503.251	7	2	-1
43503.251	7	4	-1
43503.251	6	4	-1
43503.272	6	2	-1
43503.272	6	2	-1
43503.278	6	2	-1
43503.278	7	2	-1
43503.278	7	4	-1
43503.278	7	4	-1
43503.298	7	4	-1
43503.298	6	4	-1
43503.305	6	4	-1
43503.305	5	4	-1
43503.306	5	2	-1
43503.306	6	2	-1
43503.306	6	4	-1
43503.306	6	4	-1
43503.32	6	2	-1
43503.32	5	2	-1
43503.326	5	2	-1
43503.326	4	2	-1
43503.327	4	2	-1
43503.327	2	2	-1
43503.328	2	2	-1
43503.328	1	2	-1
43503.33	1	4	-1
43503.33	5	4	-1
43503.353	5	2	-1
43503.353	2	2	-1
43503.355	2	4	-1
43503.355	6	4	-1
43503.362	6	2	-1
43503.362	4	2	-1
43503.363	4	4	-1
43503.363	7	4	-1
43503.365	7	2	-1
43503.365	5	2	-1
43503.375	5	4	-1
43503.375	5	4	-1
43503.378	5	2	-1
43503.378	6	2	-1
43503.382	6	4	-1
43503.382	6	4	-1
43503.383	6	2	-1
43503.383	8	2	-1
43503.388	8	4	-1
43503.388	5	4	-1
43503.395	5	4	-1
43503.395	4	4	-1
43503.403	4	2	-1
43503.403	7	2	-1
43503.41	7	4	-1
43503.41	5	4	-1
43503.412	5	4	-1
43503.412	6	4	-1
43503.42	6	4	-1
43503.42	7	4	-1
43503.428	7	2	-1
43503.428	8	2	-1
43503.43	8	2	-1
43503.43	9	2	-1
43503.431	9	4	-1
43503.431	6	4	-1
43503.444	6	4	-1
43503.444	7	4	-1
43503.449	7	4	-1
43503.449	8	4	-1
43503.454	8	4	-1
43503.454	9	4	-1
43503.455	9	2	-1
43503.455	10	2	-1
43503.458	10	2	-1
43503.458	12	2	-1
43503.458	12	4	-1
43503.458	10	4	-1
43503.465	10	4	-1
43503.465	11	4	-1
43503.471	11	4	-1
43503.471	13	4	-1
43503.473	13	2	-1
43503.473	8	2	-1
43503.476	8	4	-1
43503.476	14	4	-1
43503.477	14	2	-1
43503.477	7	2	-1
43503.48	7	2	-1
43503.48	8	2	-1
43503.481	8	2	-1
43503.481	9	2	-1
43503.484	9	4	-1
43503.484	15	4	-1
43503.486	15	4	-1
43503.486	14	4	-1
43503.489	14	2	-1
43503.489	8	2	-1
43503.495	8	4	-1
43503.495	15	4	-1
43503.5	15	4	-1
43503.5	14	4	-1
43503.503	14	2	-1
43503.503	7	2	-1
43503.505	7	4	-1
43503.505	15	4	-1
43503.511	15	2	-1
43503.511	9	2	-1
43503.518	9	4	-1
43503.518	16	4	-1
43503.519	16	2	-1
43503.519	10	2	-1
43503.523	10	2	-1
43503.523	11	2	-1
43503.525	11	4	-1
43503.525	18	4	-1
43503.528	18	2	-1
43503.528	12	2	-1
43503.528	12	4	-1
43503.528	19	4	-1
43503.529	19	4	-1
43503.529	20	4	-1
43503.531	20	2	-1
43503.531	13	2	-1
43503.534	13	4	-1
43503.534	19	4	-1
43503.536	19	4	-1
43503.536	20	4	-1
43503.54	20	2	-1
43503.54	15	2	-1
43503.541	15	2	-1
43503.541	16	2	-1
43503.543	16	2	-1
43503.543	18	2	-1
43503.545	18	4	-1
43503.545	19	4	-1
43503.547	19	4	-1
43503.547	21	4	-1
43503.549	21	2	-1
43503.549	17	2	-1
43503.55	17	4	-1
43503.55	22	4	-1
43503.553	22	2	-1
43503.553	18	2	-1
43503.554	18	4	-1
43503.554	23	4	-1
43503.558	23	2	-1
43503.558	19	2	-1
43503.559	19	2	-1
43503.559	20	2	-1
43503.564	20	4	-1
43503.564	24	4	-1
43503.568	24	4	-1
43503.568	23	4	-1
43503.57	23	2	-1
43503.57	22	2	-1
43503.57	22	4	-1
43503.57	24	4	-1
43503.572	24	4	-1
43503.572	23	4	-1
43503.573	23	2	-1
43503.573	24	2	-1
43503.577	24	2	-1
43503.577	25	2	-1
43503.579	25	2	-1
43503.579	24	2	-1
43503.579	24	4	-1
43503.579	22	4	-1
43503.58	22	2	-1
43503.58	34	2	-1
43503.58	34	4	-1
43503.58	27	4	-1
43503.583	27	2	-1
43503.583	33	2	-1
43503.584	33	2	-1
43503.584	35	2	-1
43503.587	35	2	-1
43503.587	37	2	-1
43503.589	37	2	-1
43503.589	38	2	-1
43503.59	38	2	-1
43503.59	39	2	-1
43503.59	39	4	-1
43503.59	29	4	-1
43503.591	29	2	-1
43503.591	40	2	-1
43503.591	40	4	-1
43503.591	30	4	-1
43503.592	30	2	-1
43503.592	43	2	-1
43503.592	43	4	-1
43503.592	31	4	-1
43503.594	31	4	-1
43503.594	30	4	-1
43503.595	30	2	-1
43503.595	44	2	-1
43503.595	44	4	-1
43503.595	33	4	-1
43503.596	33	4	-1
43503.596	32	4	-1
43503.598	32	4	-1
43503.598	34	4	-1
43503.599	34	2	-1
43503.599	45	2	-1
43503.599	45	4	-1
43503.599	36	4	-1
43503.601	36	2	-1
43503.601	46	2	-1
43503.602	46	4	-1
43503.602	37	4	-1
43503.603	37	2	-1
43503.603	44	2	-1
43503.604	44	4	-1
43503.604	38	4	-1
43503.605	38	2	-1
43503.605	41	2	-1
43503.605	41	4	-1
43503.605	37	4	-1
43503.606	37	2	-1
43503.606	43	2	-1
43503.607	43	4	-1
43503.607	39	4	-1
43503.608	39	2	-1
43503.608	46	2	-1
43503.609	46	2	-1
43503.609	47	2	-1
43503.609	47	4	-1
43503.609	40	4	-1
43503.611	40	2	-1
43503.611	48	2	-1
43503.611	48	4	-1
43503.611	41	4	-1
43503.612	41	4	-1
43503.612	42	4	-1
43503.613	42	2	-1
43503.613	50	2	-1
43503.615	50	2	-1
43503.615	51	2	-1
43503.616	51	2	-1
43503.616	53	2	-1
43503.616	53	4	-1
43503.616	43	4	-1
43503.617	43	2	-1
43503.617	51	2	-1
43503.618	51	2	-1
43503.618	52	2	-1
43503.619	52	4	-1
43503.619	42	4	-1
43503.621	42	4	-1
43503.621	44	4	-1
43503.622	44	4	-1
43503.622	45	4	-1
43503.623	45	2	-1
43503.623	54	2	-1
43503.623	54	4	-1
43503.623	46	4	-1
43503.624	46	2	-1
43503.624	57	2	-1
43503.624	57	4	-1
43503.624	48	4	-1
43503.626	48	4	-1
43503.626	50	4	-1
43503.627	50	2	-1
43503.627	58	2	-1
43503.628	58	2	-1
43503.628	61	2	-1
43503.629	61	2	-1
43503.629	66	2	-1
43503.629	66	4	-1
43503.629	53	4	-1
43503.631	53	2	-1
43503.631	68	2	-1
43503.631	68	4	-1
43503.631	54	4	-1
43503.633	54	2	-1
43503.633	69	2	-1
43503.633	69	4	-1
43503.633	53	4	-1
43503.634	53	2	-1
43503.634	71	2	-1
43503.634	71	4	-1
43503.634	54	4	-1
43503.635	54	2	-1
43503.635	81	2	-1
43503.635	81	4	-1
43503.635	60	4	-1
43503.636	60	2	-1
43503.636	83	2	-1
43503.636	83	4	-1
43503.636	61	4	-1
43503.637	61	2	-1
43503.637	86	2	-1
43503.637	86	4	-1
43503.637	62	4	-1
43503.639	62	4	-1
43503.639	66	4	-1
43503.64	66	2	-1
43503.64	85	2	-1
43503.641	85	2	-1
43503.641	96	2	-1
43503.641	96	4	-1
43503.641	73	4	-1
43503.642	73	2	-1
43503.642	100	2	-1
43503.643	100	2	-1
43503.643	102	2	-1
43503.643	102	4	-1
43503.643	74	4	-1
43503.644	74	2	-1
43503.644	101	2	-1
43503.644	101	4	-1
43503.644	73	4	-1
43503.646	73	2	-1
43503.646	104	2	-1
43503.646	104	4	-1
43503.646	80	4	-1
43503.647	80	2	-1
43503.647	111	2	-1
43503.647	111	4	-1
43503.647	86	4	-1
43503.648	86	2	-1
43503.648	112	2	-1
43503.648	112	4	-1
43503.648	87	4	-1
43503.649	87	2	-1
43503.649	114	2	-1
43503.649	114	4	-1
43503.649	89	4	-1
43503.65	89	2	-1
43503.65	112	2	-1
43503.65	112	4	-1
43503.65	87	4	-1
43503.651	87	2	-1
43503.651	110	2	-1
43503.653	110	4	-1
43503.653	86	4	-1
43503.654	86	2	-1
43503.654	111	2	-1
43503.654	111	4	-1
43503.654	89	4	-1
43503.656	89	4	-1
43503.656	90	4	-1
43503.657	90	2	-1
43503.657	113	2	-1
43503.658	113	2	-1
43503.658	117	2	-1
43503.658	117	4	-1
43503.658	94	4	-1
43503.66	94	4	-1
43503.66	93	4	-1
43503.661	93	4	-1
43503.661	98	4	-1
43503.662	98	2	-1
43503.662	116	2	-1
43503.663	116	2	-1
43503.663	122	2	-1
43503.663	122	4	-1
43503.663	106	4	-1
43503.664	106	2	-1
43503.664	123	2	-1
43503.664	123	4	-1
43503.664	108	4	-1
43503.666	108	2	-1
43503.666	125	2	-1
43503.669	125	4	-1
43503.669	109	4	-1
43503.67	109	2	-1
43503.67	130	2	-1
43503.67	130	4	-1
43503.67	113	4	-1
43503.671	113	2	-1
43503.671	132	2	-1
43503.671	132	4	-1
43503.671	115	4	-1
43503.672	115	4	-1
43503.672	116	4	-1
43503.673	116	2	-1
43503.673	134	2	-1
43503.673	134	4	-1
43503.673	119	4	-1
43503.674	119	4	-1
43503.674	122	4	-1
43503.675	122	2	-1
43503.675	137	2	-1
43503.675	137	4	-1
43503.675	123	4	-1
43503.676	123	4	-1
43503.676	125	4	-1
43503.678	125	4	-1
43503.678	127	4	-1
43503.681	127	2	-1
43503.681	143	2	-1
43503.681	143	4	-1
43503.681	133	4	-1
43503.682	133	2	-1
43503.682	144	2	-1
43503.683	144	2	-1
43503.683	143	2	-1
43503.684	143	2	-1
43503.684	141	2	-1
43503.684	141	4	-1
43503.684	134	4	-1
43503.685	134	2	-1
43503.685	142	2	-1
43503.686	142	2	-1
43503.686	149	2	-1
43503.686	149	4	-1
43503.686	136	4	-1
43503.687	136	2	-1
43503.687	150	2	-1
43503.687	150	4	-1
43503.687	138	4	-1
43503.688	138	4	-1
43503.688	139	4	-1
43503.689	139	2	-1
43503.689	148	2	-1
43503.689	148	4	-1
43503.689	140	4	-1
43503.69	140	4	-1
43503.69	139	4	-1
43503.691	139	2	-1
43503.691	154	2	-1
43503.691	154	4	-1
43503.691	142	4	-1
43503.692	142	2	-1
43503.692	157	2	-1
43503.693	157	4	-1
43503.693	144	4	-1
43503.694	144	2	-1
43503.694	156	2	-1
43503.695	156	2	-1
43503.695	154	2	-1
43503.695	154	4	-1
43503.695	143	4	-1
43503.696	143	4	-1
43503.696	145	4	-1
43503.697	145	4	-1
43503.697	146	4	-1
43503.698	146	2	-1
43503.698	155	2	-1
43503.698	155	4	-1
43503.698	149	4	-1
43503.699	149	2	-1
43503.699	157	2	-1
43503.7	157	2	-1
43503.7	156	2	-1
43503.7	156	4	-1
43503.7	147	4	-1
43503.701	147	2	-1
43503.701	159	2	-1
43503.701	159	4	-1
43503.701	155	4	-1
43503.702	155	2	-1
43503.702	158	2	-1
43503.703	158	2	-1
43503.703	168	2	-1
43503.703	168	4	-1
43503.703	162	4	-1
43503.704	162	4	-1
43503.704	161	4	-1
43503.705	161	2	-1
43503.705	166	2	-1
43503.705	166	4	-1
43503.705	164	4	-1
43503.706	164	4	-1
43503.706	166	4	-1
43503.707	166	2	-1
43503.707	167	2	-1
43503.707	167	4	-1
43503.707	165	4	-1
43503.708	165	2	-1
43503.708	166	2	-1
43503.709	166	2	-1
43503.709	165	2	-1
43503.711	165	2	-1
43503.711	167	2	-1
43503.711	167	4	-1
43503.711	167	4	-1
43503.712	167	2	-1
43503.712	164	2	-1
43503.712	164	4	-1
43503.712	163	4	-1
43503.713	163	2	-1
43503.713	163	2	-1
43503.713	163	4	-1
43503.713	161	4	-1
43503.714	161	2	-1
43503.714	164	2	-1
43503.714	164	4	-1
43503.714	159	4	-1
43503.716	159	2	-1
43503.716	163	2	-1
43503.716	163	4	-1
43503.716	161	4	-1
43503.717	161	2	-1
43503.717	166	2	-1
43503.718	166	2	-1
43503.718	167	2	-1
43503.719	167	2	-1
43503.719	169	2	-1
43503.719	169	4	-1
43503.719	162	4	-1
43503.72	162	2	-1
43503.72	168	2	-1
43503.72	168	4	-1
43503.72	164	4	-1
43503.721	164	4	-1
43503.721	165	4	-1
43503.722	165	2	-1
43503.722	174	2	-1
43503.722	174	4	-1
43503.722	169	4	-1
43503.724	169	2	-1
43503.724	175	2	-1
43503.724	175	4	-1
43503.724	168	4	-1
43503.725	168	4	-1
43503.725	167	4	-1
43503.726	167	2	-1
43503.726	176	2	-1
43503.726	176	4	-1
43503.726	168	4	-1
43503.727	168	2	-1
43503.727	184	2	-1
43503.727	184	4	-1
43503.727	173	4	-1
43503.728	173	2	-1
43503.728	185	2	-1
43503.728	185	4	-1
43503.728	175	4	-1
43503.729	175	4	-1
43503.729	173	4	-1
43503.73	173	2	-1
43503.73	188	2	-1
43503.73	188	4	-1
43503.73	174	4	-1
43503.731	174	2	-1
43503.731	183	2	-1
43503.731	183	4	-1
43503.731	170	4	-1
43503.732	170	2	-1
43503.732	197	2	-1
43503.732	197	4	-1
43503.732	178	4	-1
43503.733	178	2	-1
43503.733	195	2	-1
43503.733	195	4	-1
43503.733	175	4	-1
43503.734	175	2	-1
43503.734	198	2	-1
43503.734	198	4	-1
43503.734	174	4	-1
43503.736	174	2	-1
43503.736	191	2	-1
43503.736	191	4	-1
43503.736	172	4	-1
43503.737	172	2	-1
43503.737	193	2	-1
43503.737	193	4	-1
43503.737	177	4	-1
43503.738	177	2	-1
43503.738	194	2	-1
43503.739	194	4	-1
43503.739	178	4	-1
43503.74	178	2	-1
43503.74	196	2	-1
43503.74	196	4	-1
43503.74	181	4	-1
43503.741	181	2	-1
43503.741	191	2	-1
43503.741	191	4	-1
43503.741	177	4	-1
43503.742	177	2	-1
43503.742	199	2	-1
43503.742	198.45	4	-1
43503.742	179	4	-1
43503.743	179	4	-1
43503.743	178	4	-1
43503.744	178	2	-1
43503.744	205	2	-1
43503.744	198.45	4	-1
43503.744	182	4	-1
43503.745	182	2	-1
43503.745	223	2	-1
43503.745	198.45	4	-1
43503.745	189	4	-1
43503.746	189	2	-1
43503.746	219	2	-1
43503.746	198.45	4	-1
43503.746	187	4	-1
43503.747	187	2	-1
43503.747	223	2	-1
43503.748	223	2	-1
43503.748	222	2	-1
43503.748	198.45	4	-1
43503.748	185	4	-1
43503.749	185	4	-1
43503.749	184	4	-1
43503.75	184	2	-1
43503.75	228	2	-1
43503.75	198.45	4	-1
43503.75	183	4	-1
43503.751	183	2	-1
43503.751	221	2	-1
43503.751	198.45	4	-1
43503.751	175	4	-1
43503.753	175	2	-1
43503.753	207	2	-1
43503.753	198.45	4	-1
43503.753	167	4	-1
43503.754	167	2	-1
43503.754	183	2	-1
43503.754	183	4	-1
43503.754	158	4	-1
43503.755	158	4	-1
43503.755	157	4	-1
43503.756	157	2	-1
43503.756	182	2	-1
43503.756	182	4	-1
43503.756	154	4	-1
43503.758	154	2	-1
43503.758	187	2	-1
43503.758	187	4	-1
43503.758	157	4	-1
43503.759	157	2	-1
43503.759	173	2	-1
43503.759	173	4	-1
43503.759	150	4	-1
43503.76	150	2	-1
43503.76	168	2	-1
43503.76	168	4	-1
43503.76	144	4	-1
43503.761	144	2	-1
43503.761	169	2	-1
43503.762	169	2	-1
43503.762	171	2	-1
43503.762	171	4	-1
43503.762	146	4	-1
43503.763	146	2	-1
43503.763	173	2	-1
43503.764	173	2	-1
43503.764	170	2	-1
43503.764	170	4	-1
43503.764	147	4	-1
43503.765	147	2	-1
43503.765	169	2	-1
43503.765	169	4	-1
43503.765	148	4	-1
43503.766	148	2	-1
43503.766	168	2	-1
43503.766	168	4	-1
43503.766	145	4	-1
43503.767	145	2	-1
43503.767	165	2	-1
43503.767	165	4	-1
43503.767	144	4	-1
43503.768	144	2	-1
43503.768	168	2	-1
43503.768	168	4	-1
43503.768	143	4	-1
43503.769	143	2	-1
43503.769	170	2	-1
43503.769	170	4	-1
43503.769	144	4	-1
43503.77	144	2	-1
43503.77	171	2	-1
43503.77	171	4	-1
43503.77	145	4	-1
43503.771	145	2	-1
43503.771	170	2	-1
43503.771	170	4	-1
43503.771	140	4	-1
43503.772	140	4	-1
43503.772	142	4	-1
43503.773	142	2	-1
43503.773	169	2	-1
43503.773	169	4	-1
43503.773	141	4	-1
43503.775	141	2	-1
43503.775	167	2	-1
43503.775	167	4	-1
43503.775	140	4	-1
43503.776	140	4	-1
43503.776	139	4	-1
43503.777	139	2	-1
43503.777	169	2	-1
43503.778	169	2	-1
43503.778	171	2	-1
43503.778	171	4	-1
43503.778	142	4	-1
43503.779	142	2	-1
43503.779	170	2	-1
43503.779	170	4	-1
43503.779	137	4	-1
43503.78	137	4	-1
43503.78	136	4	-1
43503.781	136	2	-1
43503.781	164	2	-1
43503.781	164	4	-1
43503.781	135	4	-1
43503.783	135	4	-1
43503.783	133	4	-1
43503.785	133	2	-1
43503.785	166	2	-1
43503.786	166	2	-1
43503.786	154	2	-1
43503.786	154	4	-1
43503.786	123	4	-1
43503.787	123	2	-1
43503.787	162	2	-1
43503.787	162	4	-1
43503.787	124	4	-1
43503.788	124	2	-1
43503.788	163	2	-1
43503.788	163	4	-1
43503.788	125	4	-1
43503.789	125	2	-1
43503.789	165	2	-1
43503.789	165	4	-1
43503.789	123	4	-1
43503.79	123	4	-1
43503.79	124	4	-1
43503.792	124	2	-1
43503.792	164	2	-1
43503.793	164	2	-1
43503.793	163	2	-1
43503.794	163	2	-1
43503.794	164	2	-1
43503.795	164	2	-1
43503.795	163	2	-1
43503.795	163	4	-1
43503.795	123	4	-1
43503.796	123	2	-1
43503.796	158	2	-1
43503.796	158	4	-1
43503.796	107	4	-1
43503.797	107	2	-1
43503.797	160	2	-1
43503.798	160	2	-1
43503.798	155	2	-1
43503.798	155	4	-1
43503.798	100	4	-1
43503.799	100	2	-1
43503.799	154	2	-1
43503.799	154	4	-1
43503.799	101	4	-1
43503.801	101	2	-1
43503.801	155	2	-1
43503.801	155	4	-1
43503.801	100	4	-1
43503.802	100	2	-1
43503.802	154	2	-1
43503.803	154	2	-1
43503.803	152	2	-1
43503.803	152	4	-1
43503.803	95	4	-1
43503.804	95	4	-1
43503.804	96	4	-1
43503.805	96	2	-1
43503.805	150	2	-1
43503.806	150	2	-1
43503.806	147	2	-1
43503.806	147	4	-1
43503.806	90	4	-1
43503.808	90	2	-1
43503.808	144	2	-1
43503.808	144	4	-1
43503.808	89	4	-1
43503.809	89	2	-1
43503.809	142	2	-1
43503.81	142	2	-1
43503.81	137	2	-1
43503.81	137	4	-1
43503.81	87	4	-1
43503.811	87	2	-1
43503.811	133	2	-1
43503.811	133	4	-1
43503.811	86	4	-1
43503.813	86	2	-1
43503.813	131	2	-1
43503.813	131	4	-1
43503.813	87	4	-1
43503.814	87	4	-1
43503.814	83	4	-1
43503.815	83	2	-1
43503.815	124	2	-1
43503.816	124	2	-1
43503.816	123	2	-1
43503.817	123	2	-1
43503.817	121	2	-1
43503.818	121	4	-1
43503.818	79	4	-1
43503.819	79	2	-1
43503.819	124	2	-1
43503.82	124	2	-1
43503.82	123	2	-1
43503.82	123	4	-1
43503.82	77	4	-1
43503.821	77	2	-1
43503.821	119	2	-1
43503.821	119	4	-1
43503.821	73	4	-1
43503.822	73	4	-1
43503.822	71	4	-1
43503.823	71	4	-1
43503.823	69	4	-1
43503.824	69	2	-1
43503.824	118	2	-1
43503.825	118	4	-1
43503.825	68	4	-1
43503.826	68	2	-1
43503.826	117	2	-1
43503.826	117	4	-1
43503.826	66	4	-1
43503.827	66	2	-1
43503.827	119	2	-1
43503.827	119	4	-1
43503.827	63	4	-1
43503.828	63	2	-1
43503.828	117	2	-1
43503.829	117	4	-1
43503.829	62	4	-1
43503.83	62	2	-1
43503.83	115	2	-1
43503.83	115	4	-1
43503.83	61	4	-1
43503.831	61	4	-1
43503.831	60	4	-1
43503.832	60	2	-1
43503.832	113	2	-1
43503.832	113	4	-1
43503.832	62	4	-1
43503.834	62	2	-1
43503.834	110	2	-1
43503.834	110	4	-1
43503.834	61	4	-1
43503.836	61	2	-1
43503.836	106	2	-1
43503.836	106	4	-1
43503.836	54	4	-1
43503.837	54	2	-1
43503.837	109	2	-1
43503.841	109	2	-1
43503.841	108	2	-1
43503.841	108	4	-1
43503.841	52	4	-1
43503.842	52	2	-1
43503.842	107	2	-1
43503.842	107	4	-1
43503.842	53	4	-1
43503.844	53	2	-1
43503.844	105	2	-1
43503.844	105	4	-1
43503.844	52	4	-1
43503.845	52	2	-1
43503.845	104	2	-1
43503.846	104	2	-1
43503.846	94	2	-1
43503.846	94	4	-1
43503.846	46	4	-1
43503.847	46	2	-1
43503.847	93	2	-1
43503.848	93	4	-1
43503.848	48	4	-1
43503.849	48	2	-1
43503.849	92	2	-1
43503.85	92	4	-1
43503.85	46	4	-1
43503.851	46	2	-1
43503.851	89	2	-1
43503.852	89	4	-1
43503.852	44	4	-1
43503.853	44	4	-1
43503.853	45	4	-1
43503.854	45	2	-1
43503.854	87	2	-1
43503.855	87	2	-1
43503.855	84	2	-1
43503.856	84	2	-1
43503.856	83	2	-1
43503.857	83	2	-1
43503.857	69	2	-1
43503.857	69	4	-1
43503.857	38	4	-1
43503.858	38	2	-1
43503.858	71	2	-1
43503.859	71	2	-1
43503.859	65	2	-1
43503.861	65	4	-1
43503.861	37	4	-1
43503.862	37	2	-1
43503.862	55	2	-1
43503.862	55	4	-1
43503.862	26	4	-1
43503.863	26	2	-1
43503.863	56	2	-1
43503.863	56	4	-1
43503.863	27	4	-1
43503.864	27	4	-1
43503.864	26	4	-1
43503.865	26	2	-1
43503.865	55	2	-1
43503.865	55	4	-1
43503.865	25	4	-1
43503.867	25	2	-1
43503.867	38	2	-1
43503.867	38	4	-1
43503.867	22	4	-1
43503.868	22	2	-1
43503.868	37	2	-1
43503.869	37	2	-1
43503.869	36	2	-1
43503.87	36	2	-1
43503.87	33	2	-1
43503.87	33	4	-1
43503.87	19	4	-1
43503.872	19	2	-1
43503.872	22	2	-1
43503.872	22	4	-1
43503.872	17	4	-1
43503.873	17	2	-1
43503.873	21	2	-1
43503.874	21	4	-1
43503.874	15	4	-1
43503.875	15	2	-1
43503.875	20	2	-1
43503.882	20	4	-1
43503.882	14	4	-1
43503.884	14	4	-1
43503.884	15	4	-1
43503.885	15	2	-1
43503.885	18	2	-1
43503.887	18	2	-1
43503.887	17	2	-1
43503.893	17	2	-1
43503.893	16	2	-1
43503.895	16	2	-1
43503.895	13	2	-1
43503.899	13	4	-1
43503.899	19	4	-1
43503.901	19	2	-1
43503.901	14	2	-1
43503.905	14	2	-1
43503.905	13	2	-1
43503.906	13	2	-1
43503.906	12	2	-1
43503.911	12	4	-1
43503.911	17	4	-1
43503.916	17	2	-1
43503.916	10	2	-1
43503.917	10	2	-1
43503.917	12	2	-1
43503.922	12	4	-1
43503.922	16	4	-1
43503.931	16	4	-1
43503.931	15	4	-1
43503.937	15	4	-1
43503.937	14	4	-1
43503.942	14	2	-1
43503.942	11	2	-1
43503.943	11	2	-1
43503.943	12	2	-1
43503.944	12	2	-1
43503.944	11	2	-1
43503.948	11	4	-1
43503.948	13	4	-1
43503.95	13	2	-1
43503.95	8	2	-1
43503.955	8	4	-1
43503.955	14	4	-1
43503.956	14	4	-1
43503.956	16	4	-1
43503.96	16	2	-1
43503.96	6	2	-1
43503.962	6	2	-1
43503.962	5	2	-1
43503.962	5	4	-1
43503.962	17	4	-1
43503.964	17	4	-1
43503.964	16	4	-1
43503.965	16	2	-1
43503.965	6	2	-1
43503.971	6	4	-1
43503.971	18	4	-1
43503.973	18	4	-1
43503.973	16	4	-1
43503.976	16	4	-1
43503.976	15	4	-1
43503.982	15	2	-1
43503.982	5	2	-1
43503.986	5	4	-1
43503.986	16	4	-1
43503.987	16	2	-1
43503.987	4	2	-1
43503.987	4	4	-1
43503.987	15	4	-1
43503.998	15	4	-1
43503.998	16	4	-1
43504.008	16	4	-1
43504.008	15	4	-1
43504.012	15	2	-1
43504.012	3	2	-1
43504.024	3	2	-1
43504.024	2	2	-1
43504.024	2	4	-1
43504.024	11	4	-1
43504.047	11	2	-1
43504.047	1	2	-1
43504.047	1	4	-1
43504.047	10	4	-1
43504.054	10	4	-1
43504.054	9	4	-1
43504.065	9	4	-1
43504.065	8	4	-1
43504.08	8	4	-1
43504.08	7	4	-1
43504.081	7	2	-1
43504.081	0	2	-1
43504.081	0	4	-1
43504.081	5	4	-1
43504.086	5	4	-1
43504.086	4	4	-1
43504.096	4	4	-1
43504.096	2	4	-1
43504.103	2	4	-1
43504.103	3	4	-1
43504.111	3	4	-1
43504.111	2	4	-1
43504.117	2	4	-1
43504.117	1	4	-1
43504.143	1	4	-1
43504.143	2	4	-1
43504.202	2	2	-1
43504.202	2	2	-1
43504.202	2	4	-1
43504.202	0	4	-1
43504.242	0	2	-1
43504.242	0	2	-1
43504.253	0	4	-1
43504.253	1	4	-1
43504.266	1	2	-1
43504.266	1	2	-1
43504.3	1	2	-1
43504.3	2	2	-1
43504.32	2	4	-1
43504.32	2	4	-1
43504.321	2	4	-1
43504.321	4	4	-1
43504.368	4	4	-1
43504.368	2	4	-1
43504.369	2	4	-1
43504.369	4	4	-1
43504.377	4	4	-1
43504.377	3	4	-1
43504.39	3	2	-1
43504.39	1	2	-1
43504.424	1	2	-1
43504.424	0	2	-1
43504.43	0	4	-1
43504.43	4	4	-1
43504.441	4	4	-1
43504.441	2	4	-1
43504.445	2	4	-1
43504.445	1	4	-1
43504.518	1	2	-1
43504.518	1	2	-1
43504.537	1	2	-1
43504.537	2	2	-1
43504.561	2	2	-1
43504.561	4	2	-1
43504.575	4	4	-1
43504.575	0	4	-1
43504.603	0	4	-1
43504.603	1	4	-1
43504.611	1	2	-1
43504.611	5	2	-1
43504.613	5	2	-1
43504.613	4	2	-1
43504.614	4	4	-1
43504.614	2	4	-1
43504.616	2	4	-1
43504.616	3	4	-1
43504.625	3	4	-1
43504.625	5	4	-1
43504.637	5	2	-1
43504.637	5	2	-1
43504.643	5	2	-1
43504.643	4	2	-1
43504.652	4	4	-1
43504.652	6	4	-1
43504.725	6	4	-1
43504.725	4	4	-1
43504.726	4	2	-1
43504.726	3	2	-1
43504.727	3	4	-1
43504.727	3	4	-1
43504.735	3	2	-1
43504.735	2	2	-1
43504.738	2	2	-1
43504.738	1	2	-1
43504.738	1	4	-1
43504.738	1	4	-1
43504.75	1	2	-1
43504.75	0	2	-1
43504.756	0	2	-1
43504.756	1	2	-1
43504.775	1	4	-1
43504.775	0	4	-1
43504.854	0	4	-1
43504.854	1	4	-1
43504.864	1	4	-1
43504.864	2	4	-1
43504.865	2	2	-1
43504.865	0	2	-1
43504.867	0	2	-1
43504.867	1	2	-1
43504.891	1	4	-1
43504.891	3	4	-1
43504.894	3	4	-1
43504.894	4	4	-1
43504.932	4	2	-1
43504.932	2	2	-1
43504.969	2	2	-1
43504.969	3	2	-1
43504.979	3	4	-1
43504.979	3	4	-1
43504.988	3	4	-1
43504.988	2	4	-1
43504.992	2	2	-1
43504.992	2	2	-1
43505.016	2	4	-1
43505.016	1	4	-1
43505.018	1	4	-1
43505.018	0	4	-1
43505.023	0	2	-1
43505.023	3	2	-1
43505.023	3	4	-1
43505.023	1	4	-1
43505.057	1	2	-1
43505.057	2	2	-1
43505.091	2	2	-1
43505.091	3	2	-1
43505.094	3	2	-1
43505.094	2	2	-1
43505.129	2	4	-1
43505.129	2	4	-1
43505.148	2	2	-1
43505.148	1	2	-1
43505.148	1	4	-1
43505.148	1	4	-1
43505.174	1	4	-1
43505.174	0	4	-1
43505.175	0	4	-1
43505.175	1	4	-1
43505.208	1	4	-1
43505.208	2	4	-1
43505.21	2	2	-1
43505.21	0	2	-1
43505.213	0	2	-1
43505.213	1	2	-1
43505.237	1	4	-1
43505.237	3	4	-1
43505.24	3	4	-1
43505.24	4	4	-1
43505.243	4	4	-1
43505.243	5	4	-1
43505.247	5	4	-1
43505.247	4	4	-1
43505.264	4	2	-1
43505.264	2	2	-1
43505.277	2	4	-1
43505.277	5	4	-1
43505.292	5	4	-1
43505.292	7	4	-1
43505.306	7	4	-1
43505.306	6	4	-1
43505.307	6	4	-1
43505.307	7	4	-1
43505.317	7	4	-1
43505.317	8	4	-1
43505.333	8	4	-1
43505.333	7	4	-1
43505.338	7	2	-1
43505.338	1	2	-1
43505.356	1	4	-1
43505.356	6	4	-1
43505.36	6	4	-1
43505.36	5	4	-1
43505.363	5	2	-1
43505.363	2	2	-1
43505.369	2	4	-1
43505.369	4	4	-1
43505.388	4	2	-1
43505.388	1	2	-1
43505.397	1	4	-1
43505.397	3	4	-1
43505.417	3	4	-1
43505.417	1	4	-1
43505.44	1	4	-1
43505.44	0	4	-1
43505.45	0	2	-1
43505.45	3	2	-1
43505.488	3	2	-1
43505.488	2	2	-1
43505.53	2	2	-1
43505.53	0	2	-1
43505.953	0	4	-1
43505.953	1	4	-1
43506.036	1	4	-1
43506.036	2	4	-1
43506.045	2	4	-1
43506.045	3	4	-1
43506.061	3	2	-1
43506.061	2	2	-1
43506.068	2	4	-1
43506.068	4	4	-1
43506.078	4	4	-1
43506.078	3	4	-1
43506.087	3	2	-1
43506.087	0	2	-1
43506.088	0	2	-1
43506.088	2	2	-1
43506.1	2	2	-1
43506.1	3	2	-1
43506.102	3	2	-1
43506.102	1	2	-1
43506.109	1	4	-1
43506.109	5	4	-1
43506.11	5	4	-1
43506.11	6	4	-1
43506.111	6	4	-1
43506.111	7	4	-1
43506.15	7	4	-1
43506.15	8	4	-1
43506.152	8	4	-1
43506.152	9	4	-1
43506.154	9	4	-1
43506.154	10	4	-1
43506.158	10	4	-1
43506.158	11	4	-1
43506.161	11	4	-1
43506.161	8	4	-1
43506.165	8	2	-1
43506.165	2	2	-1
43506.17	2	4	-1
43506.17	7	4	-1
43506.175	7	2	-1
43506.175	4	2	-1
43506.175	4	4	-1
43506.175	9	4	-1
43506.192	9	4	-1
43506.192	8	4	-1
43506.22	8	2	-1
43506.22	6	2	-1
43506.225	6	2	-1
43506.225	5	2	-1
43506.227	5	2	-1
43506.227	7	2	-1
43506.227	7	4	-1
43506.227	9	4	-1
43506.228	9	2	-1
43506.228	8	2	-1
43506.234	8	4	-1
43506.234	8	4	-1
43506.239	8	4	-1
43506.239	9	4	-1
43506.244	9	4	-1
43506.244	11	4	-1
43506.249	11	4	-1
43506.249	12	4	-1
43506.258	12	4	-1
43506.258	13	4	-1
43506.261	13	4	-1
43506.261	14	4	-1
43506.266	14	2	-1
43506.266	9	2	-1
43506.275	9	4	-1
43506.275	13	4	-1
43506.276	13	2	-1
43506.276	7	2	-1
43506.276	7	4	-1
43506.276	12	4	-1
43506.277	12	4	-1
43506.277	11	4	-1
43506.282	11	4	-1
43506.282	10	4	-1
43506.283	10	2	-1
43506.283	5	2	-1
43506.29	5	2	-1
43506.29	4	2	-1
43506.293	4	4	-1
43506.293	8	4	-1
43506.3	8	2	-1
43506.3	2	2	-1
43506.3	2	4	-1
43506.3	6	4	-1
43506.305	6	4	-1
43506.305	7	4	-1
43506.309	7	4	-1
43506.309	9	4	-1
43506.313	9	4	-1
43506.313	10	4	-1
43506.332	10	4	-1
43506.332	12	4	-1
43506.352	12	2	-1
43506.352	1	2	-1
43506.352	1	4	-1
43506.352	11	4	-1
43506.355	11	2	-1
43506.355	2	2	-1
43506.36	2	2	-1
43506.36	3	2	-1
43506.361	3	2	-1
43506.361	4	2	-1
43506.361	4	4	-1
43506.361	9	4	-1
43506.369	9	4	-1
43506.369	7	4	-1
43506.374	7	4	-1
43506.374	6	4	-1
43506.377	6	2	-1
43506.377	5	2	-1
43506.379	5	4	-1
43506.379	4	4	-1
43506.383	4	4	-1
43506.383	3	4	-1
43506.386	3	4	-1
43506.386	2	4	-1
43506.391	2	2	-1
43506.391	4	2	-1
43506.398	4	4	-1
43506.398	3	4	-1
43506.43	3	4	-1
43506.43	2	4	-1
43506.436	2	4	-1
43506.436	1	4	-1
43506.465	1	2	-1
43506.465	2	2	-1
43506.479	2	2	-1
43506.479	1	2	-1
43506.502	1	2	-1
43506.502	0	2	-1
43506.547	0	4	-1
43506.547	3	4	-1
43506.594	3	4	-1
43506.594	1	4	-1
43506.635	1	4	-1
43506.635	2	4	-1
43506.641	2	4	-1
43506.641	1	4	-1
43506.679	1	4	-1
43506.679	2	4	-1
43506.692	2	4	-1
43506.692	1	4	-1
43506.724	1	4	-1
43506.724	2	4	-1
43506.784	2	2	-1
43506.784	1	2	-1
43506.786	1	2	-1
43506.786	2	2	-1
43506.8	2	4	-1
43506.8	3	4	-1
43506.804	3	4	-1
43506.804	2	4	-1
43506.849	2	4	-1
43506.849	1	4	-1
43506.888	1	2	-1
43506.888	1	2	-1
43506.889	1	2	-1
43506.889	0	2	-1
43506.91	0	4	-1
43506.91	0	4	-1
43506.911	0	2	-1
43506.911	1	2	-1
43506.922	1	4	-1
43506.922	1	4	-1
43506.958	1	2	-1
43506.958	2	2	-1
43506.976	2	2	-1
43506.976	3	2	-1
43506.981	3	4	-1
43506.981	2	4	-1
43507.036	2	2	-1
43507.036	2	2	-1
43507.047	2	4	-1
43507.047	1	4	-1
43507.068	1	2	-1
43507.068	3	2	-1
43507.071	3	2	-1
43507.071	4	2	-1
43507.078	4	2	-1
43507.078	5	2	-1
43507.082	5	2	-1
43507.082	4	2	-1
43507.101	4	2	-1
43507.101	3	2	-1
43507.105	3	4	-1
43507.105	0	4	-1
43507.107	0	2	-1
43507.107	4	2	-1
43507.109	4	2	-1
43507.109	5	2	-1
43507.129	5	2	-1
43507.129	6	2	-1
43507.165	6	2	-1
43507.165	5	2	-1
43507.17	5	4	-1
43507.17	1	4	-1
43507.172	1	2	-1
43507.172	4	2	-1
43507.173	4	2	-1
43507.173	3	2	-1
43507.175	3	2	-1
43507.175	4	2	-1
43507.203	4	2	-1
43507.203	3	2	-1
43507.208	3	4	-1
43507.208	2	4	-1
43507.226	2	4	-1
43507.226	3	4	-1
43507.227	3	2	-1
43507.227	4	2	-1
43507.254	4	2	-1
43507.254	3	2	-1
43507.27	3	4	-1
43507.27	4	4	-1
43507.29	4	2	-1
43507.29	2	2	-1
43507.294	2	4	-1
43507.294	3	4	-1
43507.3	3	2	-1
43507.3	1	2	-1
43507.333	1	4	-1
43507.333	2	4	-1
43507.338	2	2	-1
43507.338	3	2	-1
43507.35	3	4	-1
43507.35	1	4	-1
43507.352	1	2	-1
43507.352	2	2	-1
43507.394	2	4	-1
43507.394	0	4	-1
43507.401	0	2	-1
43507.401	1	2	-1
43507.402	1	2	-1
43507.402	0	2	-1
43507.449	0	2	-1
43507.449	2	2	-1
43507.539	2	2	-1
43507.539	1	2	-1
43507.54	1	2	-1
43507.54	0	2	-1
43507.65	0	4	-1
43507.65	1	4	-1
43507.736	1	4	-1
43507.736	2	4	-1
43507.771	2	4	-1
43507.771	1	4	-1
43507.848	1	2	-1
43507.848	1	2	-1
43507.857	1	4	-1
43507.857	0	4	-1
43507.973	0	2	-1
43507.973	0	2	-1
43508.345	0	2	-1
43508.345	1	2	-1
43508.346	1	2	-1
43508.346	2	2	-1
43508.374	2	2	-1
43508.374	4	2	-1
43508.4	4	2	-1
43508.4	6	2	-1
43508.4	6	4	-1
43508.4	2	4	-1
43508.406	2	4	-1
43508.406	3	4	-1
43508.449	3	2	-1
43508.449	8	2	-1
43508.465	8	2	-1
43508.465	6	2	-1
43508.465	6	4	-1
43508.465	1	4	-1
43508.469	1	2	-1
43508.469	5	2	-1
43508.469	5	4	-1
43508.469	2	4	-1
43508.47	2	2	-1
43508.47	4	2	-1
43508.482	4	2	-1
43508.482	3	2	-1
43508.483	3	2	-1
43508.483	2	2	-1
43508.498	2	4	-1
43508.498	3	4	-1
43508.513	3	4	-1
43508.513	4	4	-1
43508.531	4	4	-1
43508.531	3	4	-1
43508.543	3	2	-1
43508.543	0	2	-1
43508.593	0	4	-1
43508.593	2	4	-1
43508.623	2	4	-1
43508.623	1	4	-1
43508.638	1	4	-1
43508.638	0	4	-1
43508.922	0	2	-1
43508.922	1	2	-1
43509.006	1	2	-1
43509.006	2	2	-1
43509.028	2	2	-1
43509.028	1	2	-1
43509.063	1	2	-1
43509.063	2	2	-1
43509.075	2	2	-1
43509.075	3	2	-1
43509.117	3	4	-1
43509.117	1	4	-1
43509.118	1	4	-1
43509.118	2	4	-1
43509.121	2	2	-1
43509.121	4	2	-1
43509.131	4	2	-1
43509.131	3	2	-1
43509.178	3	2	-1
43509.178	2	2	-1
43509.18	2	4	-1
43509.18	3	4	-1
43509.193	3	2	-1
43509.193	3	2	-1
43509.2	3	2	-1
43509.2	2	2	-1
43509.241	2	4	-1
43509.241	2	4	-1
43509.242	2	4	-1
43509.242	1	4	-1
43509.246	1	2	-1
43509.246	1	2	-1
43509.277	1	4	-1
43509.277	2	4	-1
43509.305	2	4	-1
43509.305	1	4	-1
43509.317	1	2	-1
43509.317	0	2	-1
43509.402	0	4	-1
43509.402	0	4	-1
43509.415	0	2	-1
43509.415	1	2	-1
43509.537	1	2	-1
43509.537	2	2	-1
43509.539	2	2	-1
43509.539	1	2	-1
43509.539	1	4	-1
43509.539	1	4	-1
43509.57	1	4	-1
43509.57	2	4	-1
43509.588	2	2	-1
43509.588	3	2	-1
43509.615	3	2	-1
43509.615	4	2	-1
43509.661	4	2	-1
43509.661	3	2	-1
43509.663	3	4	-1
43509.663	1	4	-1
43509.688	1	4	-1
43509.688	2	4	-1
43509.691	2	2	-1
43509.691	2	2	-1
43509.695	2	2	-1
43509.695	1	2	-1
43509.695	1	4	-1
43509.695	1	4	-1
43509.74	1	2	-1
43509.74	0	2	-1
43509.762	0	2	-1
43509.762	1	2	-1
43509.764	1	2	-1
43509.764	2	2	-1
43509.776	2	4	-1
43509.776	2	4	-1
43509.782	2	4	-1
43509.782	3	4	-1
43509.811	3	4	-1
43509.811	2	4	-1
43509.847	2	4	-1
43509.847	3	4	-1
43509.887	3	2	-1
43509.887	1	2	-1
43509.889	1	2	-1
43509.889	0	2	-1
43509.9	0	4	-1
43509.9	2	4	-1
43509.907	2	4	-1
43509.907	1	4	-1
43509.957	1	2	-1
43509.957	2	2	-1
43509.958	2	4	-1
43509.958	2	4	-1
43509.972	2	4	-1
43509.972	1	4	-1
43510.037	1	2	-1
43510.037	0	2	-1
43510.041	0	2	-1
43510.041	2	2	-1
43510.062	2	4	-1
43510.062	2	4	-1
43510.063	2	2	-1
43510.063	4	2	-1
43510.083	4	4	-1
43510.083	1	4	-1
43510.108	1	2	-1
43510.108	2	2	-1
43510.109	2	4	-1
43510.109	3	4	-1
43510.14	3	2	-1
43510.14	0	2	-1
43510.173	0	4	-1
43510.173	4	4	-1
43510.185	4	4	-1
43510.185	3	4	-1
43510.201	3	4	-1
43510.201	4	4	-1
43510.202	4	4	-1
43510.202	2	4	-1
43510.231	2	4	-1
43510.231	3	4	-1
43510.254	3	4	-1
43510.254	4	4	-1
43510.262	4	2	-1
43510.262	1	2	-1
43510.298	1	4	-1
43510.298	3	4	-1
43510.322	3	2	-1
43510.322	2	2	-1
43510.326	2	4	-1
43510.326	2	4	-1
43510.356	2	4	-1
43510.356	1	4	-1
43510.378	1	4	-1
43510.378	0	4	-1
43510.385	0	2	-1
43510.385	1	2	-1
43510.446	1	2	-1
43510.446	0	2	-1
43510.489	0	2	-1
43510.489	1	2	-1
43510.504	1	4	-1
43510.504	1	4	-1
43510.554	1	4	-1
43510.554	2	4	-1
43510.561	2	4	-1
43510.561	3	4	-1
43510.57	3	2	-1
43510.57	2	2	-1
43510.6	2	4	-1
43510.6	4	4	-1
43510.606	4	2	-1
43510.606	1	2	-1
43510.613	1	4	-1
43510.613	5	4	-1
43510.621	5	2	-1
43510.621	3	2	-1
43510.621	3	4	-1
43510.621	7	4	-1
43510.629	7	4	-1
43510.629	6	4	-1
43510.661	6	2	-1
43510.661	1	2	-1
43510.665	1	2	-1
43510.665	2	2	-1
43510.667	2	2	-1
43510.667	3	2	-1
43510.679	3	4	-1
43510.679	5	4	-1
43510.688	5	4	-1
43510.688	6	4	-1
43510.692	6	2	-1
43510.692	2	2	-1
43510.71	2	4	-1
43510.71	4	4	-1
43510.711	4	2	-1
43510.711	3	2	-1
43510.713	3	2	-1
43510.713	4	2	-1
43510.718	4	4	-1
43510.718	5	4	-1
43510.725	5	4	-1
43510.725	4	4	-1
43510.73	4	4	-1
43510.73	3	4	-1
43510.776	3	2	-1
43510.776	3	2	-1
43510.778	3	4	-1
43510.778	4	4	-1
43510.792	4	2	-1
43510.792	2	2	-1
43510.811	2	4	-1
43510.811	2	4	-1
43510.814	2	4	-1
43510.814	3	4	-1
43510.817	3	4	-1
43510.817	4	4	-1
43510.827	4	4	-1
43510.827	5	4	-1
43510.834	5	2	-1
43510.834	1	2	-1
43510.834	1	4	-1
43510.834	4	4	-1
43510.838	4	2	-1
43510.838	0	2	-1
43510.852	0	2	-1
43510.852	1	2	-1
43510.866	1	4	-1
43510.866	5	4	-1
43510.881	5	2	-1
43510.881	2	2	-1
43510.885	2	4	-1
43510.885	6	4	-1
43510.886	6	4	-1
43510.886	7	4	-1
43510.936	7	4	-1
43510.936	6	4	-1
43510.942	6	4	-1
43510.942	5	4	-1
43510.951	5	4	-1
43510.951	4	4	-1
43510.965	4	4	-1
43510.965	5	4	-1
43510.977	5	2	-1
43510.977	1	2	-1
43510.981	1	2	-1
43510.981	2	2	-1
43510.991	2	4	-1
43510.991	4	4	-1
43510.998	4	2	-1
43510.998	3	2	-1
43511.004	3	2	-1
43511.004	2	2	-1
43511.009	2	4	-1
43511.009	2	4	-1
43511.019	2	2	-1
43511.019	3	2	-1
43511.025	3	4	-1
43511.025	1	4	-1
43511.049	1	2	-1
43511.049	4	2	-1
43511.065	4	2	-1
43511.065	5	2	-1
43511.066	5	4	-1
43511.066	2	4	-1
43511.085	2	4	-1
43511.085	3	4	-1
43511.089	3	4	-1
43511.089	2	4	-1
43511.103	2	4	-1
43511.103	3	4	-1
43511.106	3	2	-1
43511.106	4	2	-1
43511.107	4	2	-1
43511.107	5	2	-1
43511.107	5	4	-1
43511.107	4	4	-1
43511.109	4	4	-1
43511.109	5	4	-1
43511.12	5	2	-1
43511.12	7	2	-1
43511.123	7	2	-1
43511.123	6	2	-1
43511.135	6	2	-1
43511.135	8	2	-1
43511.144	8	2	-1
43511.144	7	2	-1
43511.158	7	4	-1
43511.158	6	4	-1
43511.174	6	2	-1
43511.174	6	2	-1
43511.18	6	4	-1
43511.18	7	4	-1
43511.185	7	2	-1
43511.185	4	2	-1
43511.186	4	2	-1
43511.186	3	2	-1
43511.19	3	4	-1
43511.19	6	4	-1
43511.21	6	4	-1
43511.21	5	4	-1
43511.223	5	2	-1
43511.223	1	2	-1
43511.227	1	4	-1
43511.227	4	4	-1
43511.23	4	4	-1
43511.23	3	4	-1
43511.232	3	2	-1
43511.232	0	2	-1
43511.233	0	4	-1
43511.233	2	4	-1
43511.236	2	4	-1
43511.236	3	4	-1
43511.28	3	4	-1
43511.28	4	4	-1
43511.282	4	4	-1
43511.282	3	4	-1
43511.296	3	4	-1
43511.296	4	4	-1
43511.305	4	4	-1
43511.305	3	4	-1
43511.356	3	4	-1
43511.356	4	4	-1
43511.361	4	4	-1
43511.361	3	4	-1
43511.379	3	4	-1
43511.379	2	4	-1
43511.38	2	4	-1
43511.38	3	4	-1
43511.381	3	4	-1
43511.381	4	4	-1
43511.403	4	2	-1
43511.403	2	2	-1
43511.406	2	4	-1
43511.406	3	4	-1
43511.408	3	2	-1
43511.408	3	2	-1
43511.41	3	4	-1
43511.41	4	4	-1
43511.415	4	2	-1
43511.415	4	2	-1
43511.421	4	4	-1
43511.421	3	4	-1
43511.479	3	4	-1
43511.479	2	4	-1
43511.483	2	2	-1
43511.483	5	2	-1
43511.492	5	2	-1
43511.492	6	2	-1
43511.493	6	2	-1
43511.493	5	2	-1
43511.495	5	4	-1
43511.495	3	4	-1
43511.497	3	4	-1
43511.497	5	4	-1
43511.499	5	2	-1
43511.499	4	2	-1
43511.506	4	4	-1
43511.506	4	4	-1
43511.51	4	2	-1
43511.51	3	2	-1
43511.511	3	2	-1
43511.511	4	2	-1
43511.529	4	2	-1
43511.529	5	2	-1
43511.535	5	4	-1
43511.535	3	4	-1
43511.539	3	2	-1
43511.539	4	2	-1
43511.542	4	2	-1
43511.542	5	2	-1
43511.559	5	2	-1
43511.559	6	2	-1
43511.601	6	4	-1
43511.601	2	4	-1
43511.602	2	4	-1
43511.602	1	4	-1
43511.609	1	2	-1
43511.609	5	2	-1
43511.617	5	2	-1
43511.617	4	2	-1
43511.619	4	4	-1
43511.619	0	4	-1
43511.636	0	2	-1
43511.636	3	2	-1
43511.654	3	2	-1
43511.654	2	2	-1
43511.665	2	4	-1
43511.665	1	4	-1
43511.667	1	2	-1
43511.667	1	2	-1
43511.684	1	2	-1
43511.684	0	2	-1
43511.692	0	4	-1
43511.692	2	4	-1
43511.693	2	4	-1
43511.693	3	4	-1
43511.774	3	4	-1
43511.774	4	4	-1
43511.799	4	4	-1
43511.799	6	4	-1
43511.817	6	4	-1
43511.817	4	4	-1
43511.875	4	4	-1
43511.875	5	4	-1
43511.881	5	2	-1
43511.881	1	2	-1
43511.881	1	4	-1
43511.881	6	4	-1
43511.898	6	4	-1
43511.898	5	4	-1
43511.911	5	4	-1
43511.911	6	4	-1
43511.914	6	4	-1
43511.914	7	4	-1
43511.915	7	2	-1
43511.915	2	2	-1
43511.915	2	4	-1
43511.915	6	4	-1
43511.923	6	4	-1
43511.923	5	4	-1
43511.924	5	2	-1
43511.924	4	2	-1
43511.924	4	4	-1
43511.924	4	4	-1
43511.94	4	4	-1
43511.94	5	4	-1
43511.947	5	2	-1
43511.947	5	2	-1
43512	5	4	-1
43512	4	4	-1
